Year_of_prod,Season,Episode Number,Episode_Title,Duration,Director,Stars,Votes,Full Summary,Chandler,Joey,Ross,Rachel,Phoebe,Monica,The Gang,Summary1,Summary2,Summary3,Summary4,Summary5,Summary6,Summary7,Summary8,Summary9,Summary10,Summary11,Summary12,Summary13,Summary14,Summary15,Summary16,Summary17,Summary18,Summary19,Summary20,Summary21,Summary22,Summary23,Summary24,Summary25,Summary26,Summary27,Summary28,Summary29,Summary30,Summary31,Summary32,Summary33,Summary34,Summary35,Summary36,Summary37,Summary38,Summary39,Summary40,Summary41,Summary42,Summary43,Summary44,Summary45,Summary46,Summary47,Summary48,Summary49,Summary50,Summary51,Summary52
1994,1,1,The One Where Monica Gets a Roommate: The Pilot,22,James Burrows,8.3,7440,"Monica and the gang introduce Rachel to the ""real world"" after she leaves her fiancé at the altar.",0,0,0,1,0,1,0,Monica,,,,,Rachel,,,,,,,,,,,,,,,,,,,,,,,,,,,,,,,,,,,,,,,,,,,,,,
1994,1,2,The One with the Sonogram at the End,22,James Burrows,8.1,4888,Ross finds out his ex-wife is pregnant. Rachel returns her engagement ring to Barry. Monica becomes stressed when her and Ross's parents come to visit.,0,0,2,1,0,1,0,Ross,,,,,,,Rachel,,,,,,,Monica,,,,,,Ross,,,,,,,,,,,,,,,,,,,,,,,,,,,,,,,
1994,1,3,The One with the Thumb,22,James Burrows,8.2,4605,Monica becomes irritated when everyone likes her new boyfriend more than she does. Chandler resumes his smoking habit. Phoebe is given $7000 when she finds a thumb in a can of soda.,1,0,0,0,1,1,0,Monica,,,,,,,,,,,,,Chandler,,,,,Phoebe,,,,,,,,,,,,,,,,,,,,,,,,,,,,,,,,,
1994,1,4,The One with George Stephanopoulos,22,James Burrows,8.1,4468,"Joey and Chandler take Ross to a hockey game to take his mind off the anniversary of the first time he slept with Carol, while the girls become depressed when they realize they don't have a 'plan'.",1,1,1,0,0,0,0,Joey,,Chandler,,Ross,,,,,,,,,,,,,,,,,,,,,,,,,,,,,,,,,,,,,,,,,,,,,,,
1994,1,5,The One with the East German Laundry Detergent,22,Pamela Fryman,8.5,4438,"Eager to spend time with Rachel, Ross pretends his washroom is rat-infested so he can join her at the laundromat. Meanwhile, Joey has Monica pose as his girlfriend, and Chandler struggles to break up with his girlfriend.",1,1,1,1,0,1,0,,,,,,Rachel,Ross,,,,,,,,,,,,,,,Joey,,Monica,,,,,,Chandler,,,,,,,,,,,,,,,,,,,,,,
1994,1,6,The One with the Butt,22,Arlene Sanford,8.1,4274,Monica's obsessiveness is put to the test after Rachel cleans the apartment. Joey lands a film role as Al Pacino's butt double. Chandler enjoys a relationship with all of the fun but none of the responsibility.,1,1,0,1,0,1,0,Monica,,,,,,,,Rachel,,,,Joey,,,,,,,,,,Chandler,,,,,,,,,,,,,,,,,,,,,,,,,,,,,
1994,1,7,The One with the Blackout,22,James Burrows,9,5469,"When New York suffers from a blackout, Ross tries to tell Rachel that he likes her, and Chandler gets stuck in an ATM vestibule with a model.",1,0,1,1,0,0,0,,,,,,,,Ross,,,,Rachel,,,,,,Chandler,,,,,,,,,,,,,,,,,,,,,,,,,,,,,,,,,,
1994,1,8,The One Where Nana Dies Twice,22,James Burrows,8.1,4156,Monica and Ross mourn the loss of their grandmother. Chandler is shocked to find that people think he is gay.,1,0,1,0,0,1,0,Monica,,Ross,,,,,,,Chandler,,,,,,,,,,,,,,,,,,,,,,,,,,,,,,,,,,,,,,,,,,
1994,1,9,The One Where Underdog Gets Away,22,James Burrows,8.2,4038,The gang's plans for Thanksgiving go awry after they get locked out of Monica and Rachel's apartment.,0,0,0,1,0,1,1,The Gang,,,,,,,,,,,,,Monica,,Rachel,,,,,,,,,,,,,,,,,,,,,,,,,,,,,,,,,,,,
1994,1,10,The One with the Monkey,22,Peter Bonerz,8.1,4064,The gang make (and break) a pact not to bring dates to their New Years Eve party. Phoebe starts dating a scientist. Ross compensates for his loneliness by getting a monkey.,0,0,1,0,1,0,0,,,,,,,,,,,,,,,,,,Phoebe,,,,,Ross,,,,,,,,,,,,,,,,,,,,,,,,,,,,,
1995,1,11,The One with Mrs. Bing,22,James Burrows,8.2,3996,"Chandler's flamboyant romance-novelist mother comes to visit, and Joey catches her kissing Ross. Meanwhile, Monica and Phoebe fight over a guy in a coma.",1,1,1,0,1,1,0,Chandler,,,,,,,,Joey,,,,Ross,,Monica,,Phoebe,,,,,,,,,,,,,,,,,,,,,,,,,,,,,,,,,,,
1995,1,12,The One with the Dozen Lasagnas,22,Paul Lazarus,8.2,3926,Rachel and Paolo's relationship hits a snag when he makes a pss at Phoebe. Ross refuses to find out the sex of his baby until it's born. Chandler and Joey go shopping for a new kitchen table.,1,1,1,1,1,0,0,Rachel,,,,,,,,,,,,,Phoebe,Ross,,,,,,,,,,,,,Chandler,,Joey,,,,,,,,,,,,,,,,,,,,,,
1995,1,13,The One with the Boobies,22,Alan Myerson,8.7,4172,Joey finds out his dad has a mistress. Rachel tries to even the score after Chandler inadvertently catches a glimpse of her breasts. Phoebe dates a shrink who analyzes the gang.,1,1,0,1,1,0,1,Joey,,,,,,,,Rachel,,,,,,,Chandler,,,,,,,,Phoebe,,,,,,,The Gang,,,,,,,,,,,,,,,,,,,,,
1995,1,14,The One with the Candy Hearts,22,James Burrows,8.3,3866,"As Valentine's Day approaches; Ross and his date end up at the same restaurant as Carol and Susan, Joey inadvertently sets Chandler up on a blind date with Janice, and the girls burn mementos of their old boyfriends.",1,1,1,0,0,0,0,,,,,Ross,,,,,,,,,,,,,,Joey,,,Chandler,,,,,,,,,,,,,,,,,,,,,,,,,,,,,,
1995,1,15,The One with the Stoned Guy,22,Alan Myerson,8.2,3915,"Monica cooks a gourmet meal for a restaurateur who is looking for a new chef, however he arrives at the apartment stoned. Meanwhile, Ross tries to master 'dirty talk'.",0,0,1,0,0,1,0,Monica,,,,,,,,,,,,,,,,,,,,,,,Ross,,,,,,,,,,,,,,,,,,,,,,,,,,,,
1995,1,16,The One with Two Parts: Part 1,22,Michael Lembeck,8.2,3834,Phoebe feels neglected when Joey falls for her twin sister. Chandler struggles to fire an attractive co-worker. Ross attends Lamaze classes with Carol and Susan.,1,1,1,0,1,0,0,Phoebe,,,,Joey,,,,,,Chandler,,,,,,,Ross,,,,,,,,,,,,,,,,,,,,,,,,,,,,,,,,,,
1995,1,17,The One with Two Parts: Part 2,22,Michael Lembeck,8.5,3883,"Rachel switches identities with Monica so she can use her health insurance. Meanwhile, Ursula continues to come between Phoebe and Joey.",0,1,0,1,1,1,0,Rachel,,,,Monica,,,,,,,,,,,,,,Phoebe,,Joey,,,,,,,,,,,,,,,,,,,,,,,,,,,,,,,
1995,1,18,The One with All the Poker,22,James Burrows,8.8,4340,"As Rachel interviews for a new job, the girls take on the guys in a game of poker.",0,0,0,1,0,0,0,,Rachel,,,,,,,,,,,,,,,,,,,,,,,,,,,,,,,,,,,,,,,,,,,,,,,,,,
1995,1,19,The One Where the Monkey Gets Away,22,Peter Bonerz,8.1,3734,The gang frantically search for Ross's monkey Marcel after Rachel loses him.,0,0,1,1,0,0,1,The Gang,,,,,Ross,,,,Rachel,,,,,,,,,,,,,,,,,,,,,,,,,,,,,,,,,,,,,,,,,,
1995,1,20,The One with the Evil Orthodontist,22,Peter Bonerz,7.9,3736,"Rachel and Barry start dating again, despite the fact that he's now engaged to Mindy; Chandler goes nuts when a woman he likes won't return his phone calls.",1,0,0,1,0,0,0,Rachel,,,,,,,,,,,,,,,Chandler,,,,,,,,,,,,,,,,,,,,,,,,,,,,,,,,,,,,
1995,1,21,The One with the Fake Monica,22,Gail Mancuso,7.9,3769,Monica befriends the woman who stole her credit card. Ross is forced to give away Marcel. Joey tries to come up with a less ethnic-sounding stage name.,0,1,1,0,0,1,0,Monica,,,,,,,,,Ross,,,,,,,Joey,,,,,,,,,,,,,,,,,,,,,,,,,,,,,,,,,,,
1995,1,22,The One with the Ick Factor,22,Robby Benson,8.3,3720,Monica gets a shock when she finds out her boyfriend is a high school student. Chandler finds out his colleagues don't like him when Phoebe temps as his secretary.,1,0,0,0,1,1,0,Monica,,,,,,,,,,,,,,,Chandler,,,,,,,,,Phoebe,,,,,,,,,,,,,,,,,,,,,,,,,,,
1995,1,23,The One with the Birth,22,James Burrows,8.7,3919,"As Carol goes into labor; Ross and Susan argue, Rachel flirts with Carol's doctor, and Joey assists a pregnant single mother.",0,1,1,1,0,0,0,,,,,,Ross,,,,Rachel,,,,,,Joey,,,,,,,,,,,,,,,,,,,,,,,,,,,,,,,,,,,,
1995,1,24,The One Where Rachel Finds Out,22,Kevin Bright,8.9,4187,"As Ross leaves for China, Chandler accidentally reveals Ross's feelings for Rachel. Joey takes part in a fertility study and is unable to sleep with his new girlfriend.",1,1,2,1,0,0,0,,Ross,,,,Chandler,,,Ross,,,Rachel,Joey,,,,,,,,,,,,,,,,,,,,,,,,,,,,,,,,,,,,,,,
1995,2,1,The One with Ross's New Girlfriend,22,Michael Lembeck,8.5,3814,"Rachel waits for Ross at the airport, unaware he has a new girlfriend. Meanwhile, Chandler has a frightening experience with Joey's tailor, and Phoebe gives Monica a bad haircut.",1,1,1,1,1,1,0,Rachel,,,Ross,,,,,,,,,,,Chandler,,,,,,Joey,,,Phoebe,,Monica,,,,,,,,,,,,,,,,,,,,,,,,,,
1995,2,2,The One with the Breast Milk,22,Michael Lembeck,8.2,3669,"Monica goes shopping with Julie and tries to keep it a secret from Rachel. Ross is grossed out by Carol's breast milk. At his day job, Joey competes with a fellow cologne spritzer.",0,1,1,1,0,1,0,Monica,,,,,,,,,,,,,Rachel,Ross,,,,,,,,,,,,Joey,,,,,,,,,,,,,,,,,,,,,,,,,
1995,2,3,The One Where Heckles Dies,22,Kevin Bright,8.4,3676,"After Mr. Heckles dies and leaves all his belongings to Monica and Rachel, Chandler worries he will die alone just like him. Meanwhile, Phoebe and Ross argue over evolution.",1,0,1,1,1,1,0,,,,,,,,,,,Monica,,Rachel,Chandler,,,,,,,,,,Phoebe,,Ross,,,,,,,,,,,,,,,,,,,,,,,,,,
1995,2,4,The One with Phoebe's Husband,22,Gail Mancuso,8,3555,"When the gang find out Phoebe married a gay Canadian ice dancer for a green card, more of their secrets are revealed. Meanwhile, Rachel gives Ross bad advice on his relationship with Julie.",0,0,1,1,1,0,1,The Gang,,,,,Phoebe,,,,,,,,,,,,,,,,,,Rachel,,Ross,,,,,,,,,,,,,,,,,,,,,,,,,,
1995,2,5,The One with Five Steaks and an Eggplant,22,Ellen Gittelsohn,8.3,3550,"The gang are divided by income issues; Monica, Ross and Chandler have money, and Rachel, Phoebe and Joey don't.",1,1,1,1,1,1,1,The Gang,,,,,,,Monica,Ross,,Chandler,,,,Rachel,Phoebe,,Joey,,,,,,,,,,,,,,,,,,,,,,,,,,,,,,,,,,
1995,2,6,The One with the Baby on the Bus,22,Gail Mancuso,8.6,3822,"Joey and Chandler are left to babysit Ben when Monica takes Ross to the hospital. Meanwhile, Phoebe loses her singing gig at Central Perk to a professional singer.",1,1,1,0,1,1,0,Joey,,Chandler,,,,,,,Monica,,Ross,,,,,Phoebe,,,,,,,,,,,,,,,,,,,,,,,,,,,,,,,,,,,
1995,2,7,The One Where Ross Finds Out,22,Peter Bonerz,9,4319,"A drunken Rachel calls Ross and reveals her feelings for him on his answering machine. Meanwhile, Monica keeps busy by being Chandler's personal trainer and Phoebe constantly wonders why her current boyfriend won't sleep with her.",1,0,1,1,1,1,0,,,Rachel,,Ross,,,,,,,,,,,,Monica,,,,,Chandler,,,,Phoebe,,,,,,,,,,,,,,,,,,,,,,,,,,
1995,2,8,The One with the List,22,Mary Kay Place,8.5,3581,"With help from Chandler and Joey, Ross makes a list of pros and cons to decide whether to be with Julie or Rachel. Meanwhile, Monica gets a job making dessert with a disgusting synthetic chocolate substitute.",1,1,1,1,0,1,0,,,,Chandler,,Joey,Ross,,,,,,,,,,,,,,,,Rachel,,Monica,,,,,,,,,,,,,,,,,,,,,,,,,,,
1995,2,9,The One with Phoebe's Dad,22,Kevin Bright,8,3444,"Phoebe tracks down her father, but isn't sure whether she should meet him. Ross asks Rachel to make a list of pros and cons about him.",0,0,1,1,1,0,0,Phoebe,,,,,,,,,,,,,Ross,,Rachel,,,,,,,,,,,,,,,,,,,,,,,,,,,,,,,,,,,,
1996,2,10,The One with Russ,22,Thomas Schlamme,8,3591,Monica gets back together with 'Fun Bobby' and realizes why he is always so upbeat. Rachel starts dating a guy called Russ who bears an uncanny resemblance to Ross.,0,0,1,1,0,1,0,Monica,,,,,,,,,,,,,,,Rachel,,,,,,,,,,,,,Ross,,,,,,,,,,,,,,,,,,,,,,,
1996,2,11,The One with the Lesbian Wedding,22,Thomas Schlamme,8.1,3524,Rachel's mom comes to visit with big news. Monica caters Carol and Susan's wedding. Phoebe becomes 'possessed' by the spirit of a recently deceased client.,0,0,0,1,1,1,0,Rachel,,,,,,,,Monica,,,,,,Phoebe,,,,,,,,,,,,,,,,,,,,,,,,,,,,,,,,,,,,,
1996,2,12,The One After the Superbowl: Part 1,22,Michael Lembeck,8.6,3723,Ross goes to visit Marcel whilst on a trip to California and discovers he is working in commercials. Joey receives a fan letter from an attractive but unstable woman. Phoebe is asked to sing for children at a library.,0,1,1,0,1,0,0,Ross,,,,,,,,,,,,,,,,,,Joey,,,,,,,,,,,Phoebe,,,,,,,,,,,,,,,,,,,,,,
1996,2,13,The One After the Superbowl: Part 2,22,Michael Lembeck,8.8,3864,"Ross finds Marcel on the set of a new movie, where Chandler bumps into a former schoolmate. Meanwhile, Rachel and Monica compete for the affections of Jean-Claude Van Damme.",1,0,1,1,0,1,0,Ross,,,,,,,,,,,Chandler,,,,,,,Rachel,,Monica,,,,,,,,,,,,,,,,,,,,,,,,,,,,,,,
1996,2,14,The One with the Prom Video,22,James Burrows,9.4,5736,The gang watches a home video from the night of Monica and Rachel's prom. Joey gives Chandler a hideous bracelet.,1,1,0,1,0,1,1,The Gang,,,,,,,,,,Monica,,Rachel,,Joey,,Chandler,,,,,,,,,,,,,,,,,,,,,,,,,,,,,,,,,,,
1996,2,15,The One Where Ross and Rachel... You Know,22,Michael Lembeck,8.9,3928,Monica becomes infatuated with a friend of her parents when she caters a party for him. Ross and Rachel go on their first date. Joey and Chandler refuse to move when they get a new TV and two armchairs.,1,1,1,1,0,1,0,Monica,,,,,,,,,,,,,,,,Ross,,Rachel,,,,,,Joey,,Chandler,,,,,,,,,,,,,,,,,,,,,,,,,
1996,2,16,The One Where Joey Moves Out,22,Michael Lembeck,8.6,3435,Joey and Chandler's friendship is jeopardized when Joey decides to move out. Monica worries about her parents finding out about her relationship with Richard when they attend a party together. Rachel and Phoebe go to get tattoos.,1,2,0,1,1,1,0,Joey,,Chandler,,,,,Joey,,,,,Monica,,,,,,,,,,,,,,,,,,Rachel,,Phoebe,,,,,,,,,,,,,,,,,,,
1996,2,17,The One Where Eddie Moves In,22,Michael Lembeck,8.3,3407,"Chandler gets a new roommate. Phoebe gets the chance to make a music video for her song ""Smelly Cat"". Ross and Monica clash when he is always at her and Rachel's apartment.",1,0,1,1,1,1,0,Chandler,,,,,Phoebe,,,,,,,,,,,,,Ross,,Monica,,,,,,,,,Rachel,,,,,,,,,,,,,,,,,,,,,,
1996,2,18,The One Where Dr. Ramoray Dies,22,Michael Lembeck,8.5,3403,"Joey's soap opera character is killed off after he brags in an interview that he writes his own lines. Chandler is unnerved by Eddie's strange behavior, while Ross and Rachel compare their past lovers as do Richard and Monica.",1,1,1,1,0,1,0,Joey,,,,,,,,,,,,,,,,,,,Chandler,,,,,,,,Ross,,Rachel,,,,,,,,,Monica,,,,,,,,,,,,,
1996,2,19,The One Where Eddie Won't Go,22,Michael Lembeck,8.6,3495,"Chandler demands that Eddie move out; however, he doesn't seem to get the message. Meanwhile, a book on empowerment for women inspires the girls. In order to pay his bills, Ross convinces Joey to audition for a role he doesn't want.",1,1,1,0,0,0,0,Chandler,,,,,,,,,,,,,,,,,,,,,,,,,,,,,,Ross,,Joey,,,,,,,,,,,,,,,,,,,
1996,2,20,The One Where Old Yeller Dies,22,Michael Lembeck,8.2,3295,Phoebe's world view is shattered when she learns how Old Yeller really ends. Monica becomes jealous when Richard starts hanging out with Chandler and Joey. Rachel panics when she learns that Ross has planned their whole life together.,1,1,1,1,1,1,0,Phoebe,,,,,,,,,,,,,Monica,,,,,,,,,Chandler,,Joey,Rachel,,,,,,Ross,,,,,,,,,,,,,,,,,,,,
1996,2,21,The One with the Bullies,22,Michael Lembeck,8.2,3337,Chandler and Ross run into two bullies at Central Perk. Monica tries her luck at the stock market to avoid taking a job at a 1950s themed diner. Phoebe drives upstate for a second time to meet her father while Joey and Rachel accompany her.,1,1,1,1,1,1,0,Chandler,,Ross,,,,,,,,Monica,,,,,,,,,,,,,,,,,,Phoebe,,,,,,,,,,,,Joey,,Rachel,,,,,,,,,
1996,2,22,The One with the Two Parties,22,Michael Lembeck,9,4151,"Chaos ensues when Rachel's recently divorced parents show up at her surprise birthday party, so the gang has to find ways to keep her parents separated otherwise they'll start fighting.",0,0,0,1,0,0,1,,,,Rachel,,,,,,,,,,,,The Gang,,,,,,,,,,,,,,,,,,,,,,,,,,,,,,,,,,,,
1996,2,23,The One with the Chicken Pox,22,Michael Lembeck,8.1,3360,Phoebe catches chicken pox just as an old flame arrives in town on leave from the Navy. Joey gets a job at Chandler's office. Monica is upset that Richard doesn't have any quirks.,1,1,0,0,1,1,0,Phoebe,,,,,,,,,,,,,,,,,Joey,,,,,Chandler,,Monica,,,,,,,,,,,,,,,,,,,,,,,,,,,
1996,2,24,The One with Barry and Mindy's Wedding,22,Michael Lembeck,8.2,3335,Rachel reluctantly agrees to be maid of honor at her ex-fiancÃ© Barry's wedding. Monica ponders her future with Richard. Joey has to practice kissing guys to get a role in Warren Beatty's new movie but Ross and Chandler are unwilling to help him.,1,1,1,1,0,1,0,Rachel,,,,,,,,,,,,,Monica,,,,,,Joey,,,,,,,,,,,,,,,,Ross,,Chandler,,,,,,,,,,,,,,
1996,3,1,The One with the Princess Leia Fantasy,22,Gail Mancuso,8.4,3482,Monica suffers from insomnia and depression following her breakup with Richard. Joey struggles to accept Chandler and Janice's relationship. Ross confides in Rachel about one of his fantasies.,1,1,1,1,0,1,0,Monica,,,,,,,,,,,Joey,,,,Chandler,,,,Ross,,,Rachel,,,,,,,,,,,,,,,,,,,,,,,,,,,,,
1996,3,2,The One Where No One's Ready,22,Gail Mancuso,9,4637,"A stressed Ross desperately and insistently tries to get the rest of the gang ready for a black tie event at the museum, while Joey and Chandler clash over personal belongings and personal space.",1,1,1,0,0,0,1,,,Ross,,,,,,,,,,The Gang,,,,,,,,,,,,Joey,,Chandler,,,,,,,,,,,,,,,,,,,,,,,,,
1996,3,3,The One with the Jam,22,Kevin Bright,8.1,3324,Monica tries to get over Richard by using her free time to make jam and considers artificial insemination through a sperm bank. Phoebe is stalked by a man who mistakes her for Ursula.,0,0,0,0,1,1,0,Monica,,,,,,,,,,,,,,,,,,,,,,Phoebe,,,,,,,,,,,,,,,,,,,,,,,,,,,,,
1996,3,4,The One with the Metaphorical Tunnel,22,Steve Zuckerman,8.1,3199,Chandler tries to get over his fear of commitment. Phoebe poses as Joey's agent after she forgets to tell him about an audition. Ross panics after seeing Ben play with a Barbie doll and tries to convince him to play with more manly toys.,1,1,1,0,1,0,0,Chandler,,,,,,,,,Phoebe,,,Joey,,,,,,,,,,,Ross,,,,,,,,,,,,,,,,,,,,,,,,,,,,
1996,3,5,The One with Frank Jr.,22,Steve Zuckerman,8.1,3292,Phoebe has trouble bonding with her half-brother Frank when he comes to visit. Joey attempts to build an entertainment center. Ross is challenged to name the five celebrities he'd like to sleep with most.,0,1,1,0,1,0,0,Phoebe,,,,,,,,,,,,,Joey,,,,,,,Ross,,,,,,,,,,,,,,,,,,,,,,,,,,,,,,,
1996,3,6,The One with the Flashback,22,Peter Bonerz,9.1,4291,"The gang remember the events three years ago, when several of them almost slept together.",0,0,0,0,0,0,1,The Gang,,,,,,,,,,,,,,,,,,,,,,,,,,,,,,,,,,,,,,,,,,,,,,,,,,,
1996,3,7,The One with the Race Car Bed,22,Gail Mancuso,8.3,3238,"Joey becomes a learning extension teacher in soap acting, and loves the respect from even more clueless kids. Monica chooses a ridiculously cheap bed from Janice's ex; Phoebe signs for her ...                ",0,1,0,0,1,1,0,Joey,,,,,,,,,,,,,,,,,,Monica,,,,,,,,,Phoebe,,,,,,,,,,,,,,,,,,,,,,,,
1996,3,8,The One with the Giant Poking Device,22,Gail Mancuso,8.4,3258,Chandler is devastated after Joey tells him he saw Janice kissing her ex-husband. Monica accidentally bumps Ben's head into a post when she and Rachel babysit. Phoebe is paranoid if she goes to dentist someone she knows will die.,1,1,0,1,1,1,0,Chandler,,,,Joey,,,,,,,,,Monica,,,,,,,,,,,Rachel,,Phoebe,,,,,,,,,,,,,,,,,,,,,,,,,
1996,3,9,The One with the Football,22,Kevin Bright,9,4588,"Old sibling rivalry between Monica and Ross resurfaces and postpones Thanksgiving dinner when the gang decide to play a game of ""touch"" football.",0,0,1,0,0,1,1,,,,,Monica,,Ross,,,,,,,The Gang,,,,,,,,,,,,,,,,,,,,,,,,,,,,,,,,,,,,,,
1996,3,10,The One Where Rachel Quits,22,Terry Hughes,8.1,3268,Ross accidentally breaks a little girl's leg and tries to help her sell boxes of cookies which recreates Monica's childhood fixation. Rachel quits her job at Central Perk and Joey's Christmas tree selling conflicts with Phoebe's principles.,0,1,1,1,1,1,0,Ross,,,,,,,,,,,,,,,,,,Monica,,,Rachel,,,,,,,,Joey,,,,,,Phoebe,,,,,,,,,,,,,,,,
1997,3,11,The One Where Chandler Can't Remember Which Sister,22,Terry Hughes,8.6,3374,A drunken Chandler fools around with one of Joey's sisters - but he can't remember which one. Ross becomes skeptical when a guy at the diner gets Rachel an interview for a position at Bloomingdales.,1,1,1,1,0,0,0,,,Chandler,,,,,,Joey,,,,,,,,,Ross,,,,,,,,,,Rachel,,,,,,,,,,,,,,,,,,,,,,,,
1997,3,12,The One with All the Jealousy,22,Robby Benson,8.2,3213,"Ross becomes insanely jealous of Mark. Monica hooks up with a co-worker, who writes her a poem with a hidden meaning. One of Joey's numerous lies on his resume is exposed when he takes part in a Broadway production.",0,1,1,0,0,1,0,Ross,,,,,,Monica,,,,,,,,,,,,,,,,,Joey,,,,,,,,,,,,,,,,,,,,,,,,,,,,
1997,3,13,The One Where Monica and Richard Are Just Friends,22,Robby Benson,8.2,3225,"Monica's willpower is tested when she bumps into Richard. Joey and Rachel exchange their favorite books. Phoebe dates an athletic guy who doesn't realize he has a ""wardrobe malfunction"".",0,1,0,1,1,1,0,Monica,,,,,,,,,Joey,,Rachel,,,,,Phoebe,,,,,,,,,,,,,,,,,,,,,,,,,,,,,,,,,,,
1997,3,14,The One with Phoebe's Ex-Partner,22,Robby Benson,7.9,3211,"Phoebe is reunited with her former singing partner who thinks ""Smelly Cat"" has hit potential; Chandler dates a woman with a prosthetic leg.",1,0,0,0,1,0,0,Phoebe,,,,,,,,,,,,,,Chandler,,,,,,,,,,,,,,,,,,,,,,,,,,,,,,,,,,,,,
1997,3,15,The One Where Ross and Rachel Take a Break,22,James Burrows,8.5,3450,Ross seeks solace at a party after a bitter fight with Rachel and ends up in the arms of another woman; Phoebe's date needs an interpreter to communicate.,0,0,1,1,1,0,0,Ross,,,,,,,,,,,Rachel,,,,,,,,,,Phoebe,,,,,,,,,,,,,,,,,,,,,,,,,,,,,,
1997,3,16,The One with the Morning After,22,James Burrows,9.1,4192,"Ross is guilt-ridden after sleeping with Chloe and desperately tries to stop Rachel from finding out and when she does, the rest of the gang listen to them argue and end up trapped in Monica's room for the rest of the night.",0,0,1,1,0,1,1,Ross,,,,,,,,,,,,Rachel,,,,,,,,,,,The Gang,,,,,,,,,,,Monica,,,,,,,,,,,,,,,,,
1997,3,17,The One Without the Ski Trip,22,Sam Simon,8.3,3154,"Monica, Chandler, Phoebe and Joey become stuck in the middle of Ross and Rachel's fight following their break-up.",1,1,1,1,1,1,0,Monica,Chandler,Phoebe,,Joey,,,,,,,Ross,,Rachel,,,,,,,,,,,,,,,,,,,,,,,,,,,,,,,,,,,,,,
1997,3,18,The One with the Hypnosis Tape,22,Robby Benson,8.4,3268,Monica goes out with a guy who turns out to be a software billionaire. Chandler's stop smoking hypnosis tape has an unexpected side effect. Frank makes a surprise announcement that he is getting married - to a woman twice his age.,1,0,0,0,0,1,0,Monica,,,,,,,,,,,,,,Chandler,,,,,,,,,,,,,,,,,,,,,,,,,,,,,,,,,,,,,
1997,3,19,The One with the Tiny T-Shirt,22,Terry Hughes,8.2,3147,"Rachel goes on her first date, after splitting from Ross, with Mark. Joey clashes with his co-star in his new play. Monica continues to date Pete, even though she is still not attracted to him.",0,1,1,1,0,1,0,Rachel,,,,,,,,,Ross,,,Joey,,,,,,,,,Monica,,,,,,,,,,,,,,,,,,,,,,,,,,,,,,
1997,3,20,The One with the Dollhouse,22,Terry Hughes,8.1,3134,"Monica's aunt dies and leaves her an antique dollhouse that she doesn't want Phoebe to play with; Rachel regrets setting up Chandler with her boss, Joanna.",1,0,0,1,1,1,0,Monica,,,,,,,,,,,,,Phoebe,,,,Rachel,,,,Chandler,,,,,,,,,,,,,,,,,,,,,,,,,,,,,,
1997,3,21,The One with the Chick and the Duck,22,Michael Lembeck,8.7,3359,"Joey buys a chick for him and Chandler, Pete offers Monica a job at his restaurant but she is undecided if she should accept it. Ross shows his continued feelings for Rachel when he gives up being on TV for her.",1,1,1,1,0,1,0,Joey,,,,,,,Chandler,,,Monica,,,,,,,,,,,,,,,Ross,,,,,,Rachel,,,,,,,,,,,,,,,,,,,,
1997,3,22,The One with the Screamer,22,Peter Bonerz,8.3,3185,"Ross witnesses Rachel's date screaming at people. Meanwhile, Joey becomes upset when Kate is offered a job in Los Angeles; Phoebe refuses to hang up the phone when she is placed on hold by her phone company.",0,1,1,1,1,0,0,Ross,,Rachel,,,,,,Joey,,,,,,,,,,,,Phoebe,,,,,,,,,,,,,,,,,,,,,,,,,,,,,,,
1997,3,23,The One with Ross's Thing,22,Shelley Jensen,8.1,3120,Ross seeks medical help when he finds a mysterious skin condition on his backside. Phoebe struggles to choose between two guys; Monica can't decide what to do about Pete when she thinks he is going to propose.,0,0,1,0,1,1,0,Ross,,,,,,,,,,,,,,Phoebe,,,,,,,Monica,,,,,,,,,,,,,,,,,,,,,,,,,,,,,,
1997,3,24,The One with the Ultimate Fighting Champion,22,Robby Benson,8.1,3253,Monica struggles to support Pete in his goal to become the Ultimate Fighting Champion. Chandler is uneasy when his boss playfully slaps his butt. Rachel becomes jealous when Ross starts dating a woman that was introduced to him by Phoebe.,1,0,1,1,1,1,0,Monica,,,,,,,,,,,,,,Chandler,,,,,,,,,,Rachel,,,,Ross,,,,,,,,,,,Phoebe,,,,,,,,,,,,
1997,3,25,The One at the Beach,22,Pamela Fryman,8.9,3600,"While at the beach, Phoebe meets a family friend with links to her past; Ross discovers that Rachel still loves him and must decide between her and Bonnie.",0,0,1,1,1,0,0,,,,,Phoebe,,,,,,,,,,Ross,,,Rachel,,,,,,,,,,,,,,,,,,,,,,,,,,,,,,,,,,
1997,4,1,The One with the Jellyfish,22,Shelley Jensen,9.1,4099,"Ross chooses between Rachel and his bald-headed girlfriend Bonnie; Joey, Chandler, and Monica have a perilous encounter with a jellyfish at the beach.",1,1,1,1,0,1,0,Ross,,,Rachel,,,,,,Joey,Chandler,,Monica,,,,,,,,,,,,,,,,,,,,,,,,,,,,,,,,,,,,,,,
1997,4,2,The One with the Cat,22,Shelley Jensen,8.1,3169,Phoebe becomes convinced that the spirit of her dead mother is inside a cat. Chandler and Joey are robbed. Monica goes on a date with a guy from her high school.,1,1,0,0,1,1,0,Phoebe,,,,,,,,,,,,,,Chandler,,Joey,,,Monica,,,,,,,,,,,,,,,,,,,,,,,,,,,,,,,,
1997,4,3,The One with the 'Cuffs,22,Peter Bonerz,8.5,3185,Monica tries to avoid criticism when she caters a party for her mother. Chandler ends up half naked and handcuffed to a chair in Rachel's boss's office. Joey tries to get educated from a salesman trying to sell him a set of encyclopedias.,1,1,0,1,0,1,0,Monica,,,,,,,,,,,,,Chandler,,,,,,,,,,,Rachel,,,Joey,,,,,,,,,,,,,,,,,,,,,,,,
1997,4,4,The One with the Ballroom Dancing,22,Gail Mancuso,8.2,3122,Joey is forced to help Treeger learn how to dance after he threatens to have Monica and Rachel evicted. Phoebe develops a crush on one of her clients. Ross tries to help Chandler quit the gym.,1,1,1,1,1,1,0,Joey,,,,,,,,,,,,,,,Monica,,Rachel,,Phoebe,,,,,,,,,Ross,,,,Chandler,,,,,,,,,,,,,,,,,,,
1997,4,5,The One with Joey's New Girlfriend,22,Gail Mancuso,8.4,3157,Chandler develops feelings for Joey's new girlfriend. Ross and Rachel try to make each other jealous with their dates. Phoebe's cold gives her a sexy singing voice.,1,1,1,1,1,0,0,Chandler,,,,Joey,,,Ross,,Rachel,,,,,,,,,,Phoebe,,,,,,,,,,,,,,,,,,,,,,,,,,,,,,,,
1997,4,6,The One with the Dirty Girl,22,Shelley Jensen,8.5,3238,Ross's new girlfriend is nearly perfect until he discovers her apartment is very dirty. Chandler buys a better birthday present for Kathy than Joey. Phoebe helps Monica cater an event. Rachel is obsessed at finishing a crossword puzzle by herself.,1,1,1,1,1,1,0,Ross,,,,,,,,,,,,,,Chandler,,,,,,,,,Joey,Phoebe,,Monica,,,,Rachel,,,,,,,,,,,,,,,,,,,,,
1997,4,7,The One Where Chandler Crosses the Line,22,Kevin Bright,8.7,3294,Chandler is guilt-ridden after kissing Kathy. Ross starts playing the keyboard again and everyone except Phoebe thinks he's terrible. Joey dates someone else while still attached to Kathy.,1,1,1,0,1,0,0,Chandler,,,,,,Ross,,,,,,,,,Phoebe,,,,Joey,,,,,,,,,,,,,,,,,,,,,,,,,,,,,,,,
1997,4,8,The One with Chandler in a Box,22,Peter Bonerz,9.1,4139,Chandler tries to earn Joey's forgiveness by lying in a wooden box for six hours. Monica accidentally gets ice in her eye and her doctor turns out to be Richard's son and it's discovered Rachel exchanges the gifts she received in the past.,1,1,0,1,0,1,0,Chandler,,,,Joey,,,,,,,,,,,Monica,,,,,,,,,,,,,,,,,,,Rachel,,,,,,,,,,,,,,,,,
1997,4,9,The One Where They're Going to Party!,22,Peter Bonerz,7.9,3045,Monica ends up having to choose between a head chef position or the catering business she started with Phoebe. Rachel is close to getting a promotion but tragedy strikes. Chandler and Ross are excited when an old friend is coming to town.,1,0,1,1,1,1,0,Monica,,,,,,,,,,,,,,,,,,Phoebe,Rachel,,,,,,,,,,Chandler,,Ross,,,,,,,,,,,,,,,,,,,,
1997,4,10,The One with the Girl from Poughkeepsie,22,Gary Halvorson,8.1,3025,"In order for her kitchen staff to acknowledge her authority, Monica hires Joey so she can fire him in front of them. Chandler unsuccessfully tries to set Rachel up with a co-worker. Ross can't choose between two girls.",1,1,1,1,0,1,0,,,,,,,,,,,Monica,,Joey,,,,,,,,,,Chandler,,,,,Rachel,,,,,Ross,,,,,,,,,,,,,,,,,,,
1998,4,11,The One with Phoebe's Uterus,22,David Steinberg,8.5,3210,Newlyweds Frank and Alice ask Phoebe to be their surrogate. Joey gets a job as a tour guide at Ross's museum. Chandler asks Monica and Rachel for advice on how to sexually satisfy Kathy.,1,1,1,1,1,1,0,,,,,,Phoebe,,,,,Joey,,,,,,,,,Ross,,Chandler,,Monica,,Rachel,,,,,,,,,,,,,,,,,,,,,,,,,,
1998,4,12,The One with the Embryos,22,Kevin Bright,9.5,6006,"Phoebe's uterus is examined for implantation of the embryos. Meanwhile, a seemingly harmless game between Chandler and Joey against Monica and Rachel escalates into a full blown contest where the stakes are raised higher and higher.",1,1,0,1,1,1,0,Phoebe,,,,,,,,,,,,,,,Chandler,,Joey,,Monica,,Rachel,,,,,,,,,,,,,,,,,,,,,,,,,,,,,,
1998,4,13,The One with Rachel's Crush,22,Dana De Vally Piazza,8.2,3006,"After seeing Kathy's play, Chandler becomes convinced she is cheating on him with her co-star. Rachel develops a crush on one of her customers. Monica becomes jealous when she realizes she is no longer the 'hostess'.",1,0,0,1,0,1,0,,,,,Chandler,,,,,,,,,,,Rachel,,,,,,,,,Monica,,,,,,,,,,,,,,,,,,,,,,,,,,,
1998,4,14,The One with Joey's Dirty Day,22,Peter Bonerz,8.2,3028,"Joey arrives on the set of his latest movie unwashed, after a three-day fishing trip with his dad. Rachel sets up Ross with the niece of her boss. Chandler goes through three phrases to help recover from Kathy cheating on him.",1,1,1,1,0,0,0,Joey,,,,,,,,,,,,,,,,,,Rachel,,,Ross,,,,,,,Chandler,,,,,,,,,,,,,,,,,,,,,,,
1998,4,15,The One with All the Rugby,22,James Burrows,8.5,3180,"Chandler runs into Janice, and finds her more irritating than ever and creates an elaborate plan to break up with her, meanwhile, Ross attempts to learn how to play rugby to impress Emily and Monica obsesses over a electric lighting switch.",1,0,1,0,0,1,0,Chandler,,,,,,,,,,,,,,,,,,,,,,Ross,,,,,,,,,,,,Monica,,,,,,,,,,,,,,,,,
1998,4,16,The One with the Fake Party,22,Michael Lembeck,8.2,3061,Rachel organizes a fake good bye party for Emily so she can spend time with Joshua. A side effect from her pregnancy causes Phoebe to have a craving for meat.,0,0,0,1,1,0,0,Rachel,,,,,,,,,,,,,,,,,,,,,,,Phoebe,,,,,,,,,,,,,,,,,,,,,,,,,,,,
1998,4,17,The One with the Free Porn,22,Michael Lembeck,8.6,3212,Chandler and Joey discover that they're getting a free porn channel on their TV. Monica encourages Ross to tell Emily he loves her just before she leaves for London. Phoebe gets a shock when she visits her OB-GYN.,1,1,1,0,1,1,0,Chandler,,Joey,,,,,,,,,,,,Monica,,Ross,,,,,,,,,,,,,Phoebe,,,,,,,,,,,,,,,,,,,,,,
1998,4,18,The One with Rachel's New Dress,22,Gail Mancuso,8.3,3011,Rachel has an awkward encounter with Joshua's parents. Phoebe is offered the chance to name one of the triplets. Ross becomes paranoid when Emily goes to London with Susan.,0,0,1,1,1,0,0,Rachel,,,,,,,,Phoebe,,,,,,,,,,,Ross,,,,,,,,,,,,,,,,,,,,,,,,,,,,,,,,
1998,4,19,The One with All the Haste,22,Kevin Bright,8.7,3168,Ross proposes to Emily. Monica and Rachel try to win their apartment back from Chandler and Joey.,1,1,1,1,0,1,0,Ross,,,,Monica,,Rachel,,,,,,,,Chandler,,Joey,,,,,,,,,,,,,,,,,,,,,,,,,,,,,,,,,,,
1998,4,20,The One with All the Wedding Dresses,22,Gail Mancuso,8.5,3110,"Monica tries on Emily's wedding dress, and can't stop wearing it. Jealous of Ross's proposal to Emily, Rachel tries to talk Joshua into marriage. Chandler takes Joey to a sleep clinic when he starts snoring.",1,1,1,1,0,1,0,Monica,,,,,,,,,,,,,Ross,,,,Rachel,,,,,,,Chandler,,Joey,,,,,,,,,,,,,,,,,,,,,,,,,
1998,4,21,The One with the Invitation,22,Peter Bonerz,7.2,3364,"As Ross and Emily send out wedding invitations, he and Rachel each look back on their relationship together while Joey and Chandler look for a purpose in life.",1,1,1,1,0,0,0,,Ross,,,,,,,,,Rachel,,,,,,,,,Joey,,Chandler,,,,,,,,,,,,,,,,,,,,,,,,,,,,,,
1998,4,22,The One with the Worst Best Man Ever,22,Peter Bonerz,8.5,3052,"at first Ross chooses Joey to be his best man but after a mishap at his bachelor party, he decides he wants both Joey and Chandler as his best men. Phoebe's mood swings makes Monica and Rachel nervous.",1,2,1,1,1,1,0,,,Ross,,Joey,,,,,,,,,,,,,,,,,,,Joey,,Chandler,,,,,Phoebe,,,,Monica,,Rachel,,,,,,,,,,,,,,,
1998,4,23,The One with Ross's Wedding,30,Kevin Bright,8.7,3343,"Phoebe tries to help Rachel deal with her feelings for Ross as the rest of the gang head to London for Ross and Emily's wedding, while someone else unexpectedly shows up to the wedding.",0,0,2,1,1,0,1,Phoebe,,,,Rachel,,,,,,Ross,,,,,,The Gang,,,,,Ross,,,,,,,,,,,,,,,,,,,,,,,,,,,,,,
1998,4,24,The One with Ross's Wedding,30,Kevin Bright,9.2,4217,Phoebe tries to warn the gang that Rachel is coming to London to tell Ross she still loves him. Ross and Emily's parents get into an argument over the bill for the wedding. Monica and Chandler sleep together. The wedding ends with a gaffe.,1,0,2,1,1,1,1,Phoebe,,,,,The Gang,,Rachel,,,,,,,Ross,,,,,Ross,,,,,,,,,,,,,,Monica,,Chandler,,,,,,,,,,,,,,,,
1998,5,1,The One After Ross Says Rachel,22,Kevin Bright,8.9,3609,"A humiliated Emily runs away after Ross says Rachel's name at the altar. Meanwhile, Chandler and Monica struggle to get time alone together.",1,0,1,1,0,1,0,,,,,,,Ross,,Rachel,,,,,,Chandler,,Monica,,,,,,,,,,,,,,,,,,,,,,,,,,,,,,,,,,,
1998,5,2,The One with All the Kissing,22,Gary Halvorson,9,3674,Chandler must constantly kiss the girls to cover up a kiss he gave to Monica to hide their affair. Phoebe gets irritated when the gang constantly talk about London. Rachel puts Monica in charge of her love life. Ross tries to contact Emily.,1,0,1,1,1,2,1,Chandler,,,,,,,,,,,,,,Monica,,,,,Phoebe,,,,,The Gang,,,,,Rachel,,Monica,,,,,,,Ross,,,,,,,,,,,,,
1998,5,3,The One Hundredth,22,Kevin Bright,8.8,3331,"The gang take Phoebe to the hospital after she goes into labor. Monica threatens to go on a date with a male nurse after Chandler claims they are ""just goofing around."" Joey gets treated for kidney stones.",1,1,0,0,1,1,1,,The Gang,,Phoebe,,,,,,,,,Monica,,,,,,,,,,,,Chandler,,,,,Joey,,,,,,,,,,,,,,,,,,,,,,
1998,5,4,The One Where Phoebe Hates PBS,22,Shelley Jensen,8.3,2995,Ross finally gets in touch with Emily and they try to work it out. Chandler gloats after Rachel reveals that Monica's secret boyfriend is the best sex she ever had. Phoebe and Joey debate if a selfless good deed exists.,1,1,1,1,1,1,0,Ross,,,,,,,,,,,,,,Chandler,,,Rachel,,,Monica,,,,,,,,,,Phoebe,,Joey,,,,,,,,,,,,,,,,,,,
1998,5,5,The One with the Kips,22,Dana De Vally Piazza,8.8,3215,Chandler and Monica go away for the weekend but spend the entire time fighting. Ross tries to tell Rachel about his agreement with Emily.,1,0,1,1,0,1,0,Chandler,,Monica,,,,,,,,,,,,Ross,,,,Rachel,,,,,,,,,,,,,,,,,,,,,,,,,,,,,,,,,
1998,5,6,The One with the Yeti,22,Gary Halvorson,8.1,3001,The gang become frustrated with Emily's demands to Ross. Monica and Rachel mistake their new neighbor for a yeti. Phoebe receives a fur coat as a family heirloom from her mother.,0,0,1,1,1,1,1,,The Gang,,,,,,,Ross,Monica,,Rachel,,,,,,,,Phoebe,,,,,,,,,,,,,,,,,,,,,,,,,,,,,,,,
1998,5,7,The One Where Ross Moves In,22,Gary Halvorson,8.4,3029,Ross moves in with Chandler and Joey after Emily's cousin kicks him out of his apartment. Phoebe dates a health inspector. Rachel plays hard-to-get with Danny.,1,1,1,1,1,0,0,Ross,,,,Chandler,,Joey,,,,,,,,,,Phoebe,,,,,Rachel,,,,,,,,,,,,,,,,,,,,,,,,,,,,,,
1998,5,8,The One with All the Thanksgivings,22,Kevin Bright,9.2,4261,The gang remember and share with each other their worst Thanksgivings.,0,0,0,0,0,0,1,,The Gang,,,,,,,,,,,,,,,,,,,,,,,,,,,,,,,,,,,,,,,,,,,,,,,,,,
1998,5,9,The One with Ross's Sandwich,22,Gary Halvorson,9.1,3913,Joey finds himself constantly covering for Chandler and Monica's affair. Ross becomes angry when someone at work eats his sandwich. Phoebe and Rachel enroll in a literature class.,1,1,1,1,1,1,0,Joey,,,,,,Chandler,,Monica,,Ross,,,,,,,,,,Phoebe,,Rachel,,,,,,,,,,,,,,,,,,,,,,,,,,,,,
1998,5,10,The One with the Inappropriate Sister,22,Dana De Vally Piazza,8.2,2980,A bored Ross wreaks havoc in Chandler and Joey's lives. Rachel is uncomfortable with Danny's unusually close relationship with his sister. Phoebe runs into trouble whilst collecting donations for the poor during Christmas.,1,1,1,1,1,0,0,,,Ross,,,,Chandler,,Joey,,Rachel,,,,,,,,,,,Phoebe,,,,,,,,,,,,,,,,,,,,,,,,,,,,,,
1999,5,11,The One with All the Resolutions,22,Joe Regalbuto,9.1,3781,The gang make their New Years resolutions. Chandler struggles to not make jokes about everyone. Rachel uncovers a secret. Ross runs into trouble when he wears leather pants on a date.,1,0,1,1,0,0,1,,The Gang,,,,,,Chandler,,,,,,,,Rachel,,,,Ross,,,,,,,,,,,,,,,,,,,,,,,,,,,,,,,,
1999,5,12,The One with Chandler's Work Laugh,22,Kevin Bright,8.3,2949,Monica becomes annoyed at how Chandler sucks up to his boss by mimicking his boss's laugh and laughing at his tasteless jokes. Ross hooks up with Janice when he finds out Emily is getting married.,1,0,1,0,0,1,0,Monica,,,,,Chandler,,,,,,,,,,,,,,,,,Ross,,,,,,,,,,,,,,,,,,,,,,,,,,,,,
1999,5,13,The One with Joey's Bag,22,Gail Mancuso,8.1,2959,"Phoebe's grandmother dies, and is shocked when her father turns up at the funeral. Meanwhile, Rachel gives Joey a ""man's bag"" for an audition, and Chandler is scared to tell Monica he doesn't like her massages.",1,1,0,1,1,1,0,Phoebe,,,,,,,,,,,,,,,Rachel,,Joey,,,,,,,Chandler,,,,,Monica,,,,,,,,,,,,,,,,,,,,,,
1999,5,14,The One Where Everybody Finds Out,22,Michael Lembeck,9.7,8066,"When Phoebe finds out about Monica and Chandler, she and Rachel attempt to get them to confess their relationship.",1,0,0,1,1,1,0,,Phoebe,,,,Monica,,Chandler,,,Rachel,,,,,,,,,,,,,,,,,,,,,,,,,,,,,,,,,,,,,,,,,
1999,5,15,The One with the Girl Who Hits Joey,22,Kevin Bright,8.5,3125,Ross makes enemies out of his new neighbors. Chandler freaks out about his relationship with Monica. Joey dates a girl who likes to playfully punch him but she doesn't realize she punches him too hard and Joey is reluctant to tell her.,1,2,1,0,0,1,0,Ross,,,,,,,,Chandler,,,,,,,Monica,Joey,,,,,,,,,,,,,,,,,,,,Joey,,,,,,,,,,,,,,,
1999,5,16,The One with the Cop,22,Andrew Tsao,8.6,3174,"Joey has a dream about Monica and becomes convinced he is in love with her. Meanwhile, Phoebe finds a police badge in Central Perk, and Ross tries to get his new sofa into his apartment.",0,1,1,0,1,1,0,Joey,,,,,Monica,,,,,,,,,,,Phoebe,,,,,,,,,Ross,,,,,,,,,,,,,,,,,,,,,,,,,,
1999,5,17,The One with Rachel's Inadvertent Kiss,22,Shelley Jensen,8.5,2977,Rachel has an awkward encounter when she interviews for a new job. Monica becomes jealous of Phoebe and Gary. Joey searches for a 'hot girl' in Ross's building.,0,1,1,1,1,1,0,Rachel,,,,,,,,,,,,Monica,,,,Phoebe,,,Joey,,,,,,,Ross,,,,,,,,,,,,,,,,,,,,,,,,,
1999,5,18,The One Where Rachel Smokes,22,Todd Holland,8,2898,"Rachel takes up smoking to feel more included at work. Joey auditions for a soup commercial with Ross's son Ben, but they end up competing against each other. Monica and Phoebe plan Rachel's surprise birthday party one month in advance.",0,1,1,2,1,1,0,Rachel,,,,,,,,,,Joey,,,,,,,Ross,,,,,,,,,,,Monica,,Phoebe,,Rachel,,,,,,,,,,,,,,,,,,,
1999,5,19,The One Where Ross Can't Flirt,22,Gail Mancuso,8.7,3242,"As Joey's grandmother visits to watch him on TV, Ross has trouble flirting with the pizza delivery girl, and Rachel tries to find an earring of Monica's that she has misplaced.",0,1,1,1,0,1,0,,Joey,,,,,,,,Ross,,,,,,,,,,Rachel,,,,,,,Monica,,,,,,,,,,,,,,,,,,,,,,,,,
1999,5,20,The One with the Ride Along,22,Gary Halvorson,8.3,2888,The guys go on a ride-along with Gary. Rachel accidentally deletes a message from Emily on Ross's answering machine.,0,0,1,1,0,0,0,,,,,,,,,Rachel,,,,,,,,Ross,,,,,,,,,,,,,,,,,,,,,,,,,,,,,,,,,,,
1999,5,21,The One with the Ball,22,Gary Halvorson,8.5,3010,"Gary asks Phoebe to move in with him but she's reluctant to and to overcome boredom, Ross and Joey start throwing a ball to each other. Rachel buys an expensive cat but it doesn't behave as she hoped it would.",0,1,1,1,1,0,0,,,Phoebe,,,,,,,,,,,,,,Ross,,Joey,,,,,,,,Rachel,,,,,,,,,,,,,,,,,,,,,,,,,
1999,5,22,The One with Joey's Big Break,22,Gary Halvorson,8.3,2857,"Joey drives to Las Vegas to shoot to shoot a new movie where he is in the lead role. Rachel gets an eye infection but is reluctant to seek treatment because of her eye phobia. Phoebe is mad at Ross, but doesn't know why.",0,1,1,1,1,0,0,Joey,,,,,,,,,,,,,,,,,,,Rachel,,,,,,,,,,,,,,,,Phoebe,,,,Ross,,,,,,,,,,,,
1999,5,23,The One in Vegas: Part 1,22,Kevin Bright,8.8,3282,The gang go to Las Vegas to visit Joey. Chandler is angry when he finds out Monica had lunch with Richard. Ross and Rachel try to embarrass each other after an awkward encounter.,1,1,1,1,0,1,1,,The Gang,,,,,,,Joey,Chandler,,,,,,,Monica,,,,,Ross,,Rachel,,,,,,,,,,,,,,,,,,,,,,,,,,,,
1999,5,24,The One in Vegas: Part 2,22,Kevin Bright,9.1,3726,Chandler and Monica reconcile and hastily decide to get married. Ross and Rachel get drunk and roam the casino. Phoebe deals with a 'lurker' on the slot machines.,1,0,1,1,1,1,0,Chandler,,Monica,,,,,,,,Ross,,Rachel,,,,,,,Phoebe,,,,,,,,,,,,,,,,,,,,,,,,,,,,,,,,
1999,6,1,The One After Vegas,22,Kevin Bright,8.7,3175,Ross and Rachel deal with the aftermath of their drunken escapade. Phoebe and Joey take a road trip back to New York in Phoebe's grandmother's cab. Monica and Chandler ponder the idea of marriage.,1,1,1,1,2,1,0,Ross,,Rachel,,,,,,,,,Phoebe,,Joey,,,,,,,,,,Phoebe,,,Monica,,Chandler,,,,,,,,,,,,,,,,,,,,,,,
1999,6,2,The One Where Ross Hugs Rachel,22,Gail Mancuso,8.2,2883,Monica and Chandler try to tell Rachel and Joey that they're moving in together. Phoebe thinks that Ross didn't get the annulment because he still loves Rachel.,1,1,1,2,1,1,0,Monica,,Chandler,,,,Rachel,,Joey,,,,,,Phoebe,,,Ross,,,,,,,,,Rachel,,,,,,,,,,,,,,,,,,,,,,,,,
1999,6,3,The One with Ross's Denial,22,Gary Halvorson,8.2,2851,Ross tries to deny he still has feelings for Rachel. Joey interviews for a new roommate. Monica and Chandler argue over what to do with the spare room when they move in together.,1,1,1,1,0,1,0,Ross,,,,,,,,,Rachel,Joey,,,,,,Monica,,Chandler,,,,,,,,,,,,,,,,,,,,,,,,,,,,,,,,,
1999,6,4,The One Where Joey Loses His Insurance,22,Gary Halvorson,8.5,2976,"Joey's health benefits lapse just as he develops a hernia. Ross is given a professorship at NYU and eager to impress his students, he puts on a fake English accent.",0,1,1,0,0,0,0,Joey,,,,,,,,,,Ross,,,,,,,,,,,,,,,,,,,,,,,,,,,,,,,,,,,,,,,,,
1999,6,5,The One with Joey's Porsche,22,Gary Halvorson,8.2,2902,"Ross and Rachel try to get an annulment, Joey finds the keys to a porsche in Central Perk, and Phoebe, Monica and Chandler babysit the triplets.",1,1,1,1,1,1,0,Ross,,Rachel,,,,,,Joey,,,,,,,,,,,Phoebe,Monica,,Chandler,,,,,,,,,,,,,,,,,,,,,,,,,,,,,
1999,6,6,The One on the Last Night,22,David Schwimmer,8.5,2942,"On the last night before Chandler and Monica move in together, Monica and Rachel argue, and Chandler tries to give Joey money to help him pay the bills.",2,1,0,1,0,2,0,,,,,,Chandler,,Monica,,,,Monica,,Rachel,,,Chandler,,,,Joey,,,,,,,,,,,,,,,,,,,,,,,,,,,,,,,
1999,6,7,The One Where Phoebe Runs,22,Gary Halvorson,8.4,2959,Rachel is embarrassed by Phoebe's odd running style. Joey gets a new roommate. Chandler tries to impress Monica by cleaning the apartment but forgets how everything is supposed to look.,1,1,0,1,1,1,0,Rachel,,,,Phoebe,,,,Joey,,,,,Chandler,,,,Monica,,,,,,,,,,,,,,,,,,,,,,,,,,,,,,,,,,
1999,6,8,The One with Ross' Teeth,22,Gary Halvorson,8.5,3074,Ross goes too far while trying to impress a date by over-whitening his teeth. Rachel uses gossip to get her boss to like her after Phoebe supposedly makes out with Ralph Lauren.,0,0,1,1,1,0,0,Ross,,,,,,,,,,,,,,Rachel,,,,,,,,,,,Phoebe,,,,,,,,,,,,,,,,,,,,,,,,,,
1999,6,9,The One Where Ross Got High,22,Kevin Bright,9.2,4187,Ross is forced to reveal the reason why Jack and Judy don't like Chandler. Rachel tries to make dessert for the gang. Joey and Ross try to get out of Thanksgiving when they are invited to hang out with Janine and her dancer friends.,1,1,2,1,0,0,1,Ross,,,,,,,,,,,,,Chandler,Rachel,,,,,,,The Gang,Joey,,Ross,,,,,,,,,,,,,,,,,,,,,,,,,,,
1999,6,10,The One with the Routine,22,Kevin Bright,8.6,3139,"On the set of ""Dick Clark's New Year's Rockin' Eve"", Joey tries to kiss Janine at midnight and Monica and Ross resurrect their dance routine from high school. Meanwhile, Rachel, Phoebe and Chandler look for Monica's Christmas presents.",1,1,1,1,1,2,0,,,,,,Joey,,,,,,,,Monica,,Ross,,,,,,,,,Rachel,Phoebe,,Chandler,,,Monica,,,,,,,,,,,,,,,,,,,,,
2000,6,11,The One with the Apothecary Table,22,Kevin Bright,8.1,2892,"Joey is caught in the middle when Janine tells him she doesn't like Monica and Chandler. Meanwhile, Rachel buys an apothecary table from a store that Phoebe hates.",1,1,0,1,1,1,0,Joey,,,,,,,,,,,,,Monica,,Chandler,,Rachel,,,,,,,,,Phoebe,,,,,,,,,,,,,,,,,,,,,,,,,
2000,6,12,The One with the Joke,22,Gary Halvorson,8.1,2829,"Chandler and Ross argue over a joke. Meanwhile, Joey reluctantly takes a waiter job at Central Perk, and Monica becomes annoyed when Phoebe says she would choose Rachel over her as a girlfriend.",1,1,1,1,1,1,0,Chandler,,Ross,,,,,,Joey,,,,,,,,,,Monica,,,,Phoebe,,,,,Rachel,,,,,,,,,,,,,,,,,,,,,,,,
2000,6,13,The One with Rachel's Sister,22,Gary Halvorson,8.2,2950,"Rachel's younger sister arrives in New York and goes on a date with Ross. Meanwhile, Monica won't admit that she is sick.",0,0,1,1,0,1,0,Rachel,,,,,,,,,,,,,Ross,,Monica,,,,,,,,,,,,,,,,,,,,,,,,,,,,,,,,,,,,
2000,6,14,The One Where Chandler Can't Cry,22,Kevin Bright,8.6,2996,"Rachel tries to end the spark between Ross and Jill. When Chandler admits that he can't cry, Monica tries to make it happen. The gang discovers that Phoebe's sister, Ursula, is a porn star and is using Phoebe's name.",1,0,1,1,2,1,1,Rachel,,,,,,,Ross,,,,Chandler,,,,,,Monica,,,,,,,The Gang,,,Phoebe,,,,,,,,,,Phoebe,,,,,,,,,,,,,,
2000,6,15,The One That Could Have Been,30,Michael Lembeck,8.5,3097,"When Rachel hears Barry and Mindy are getting divorced, the gang wonder how different their lives could have been.",0,0,0,1,0,0,1,,Rachel,,,,,,,,,The Gang,,,,,,,,,,,,,,,,,,,,,,,,,,,,,,,,,,,,,,,,,
2000,6,16,The One That Could Have Been,30,Michael Lembeck,8.5,3037,The gang continue to think about how different their lives could have been.,0,0,0,0,0,0,1,,The Gang,,,,,,,,,,,,,,,,,,,,,,,,,,,,,,,,,,,,,,,,,,,,,,,,,,
2000,6,17,The One with Unagi,22,Gary Halvorson,9.1,4180,Rachel and Phoebe take self-defense classes. Chandler and Monica agree to give each other homemade presents for Valentine's Day. Joey tries to get money through medical research.,1,1,0,1,1,1,0,Rachel,,Phoebe,,,,Chandler,,Monica,,,,,,,,,,,Joey,,,,,,,,,,,,,,,,,,,,,,,,,,,,,,,,
2000,6,18,The One Where Ross Dates a Student,22,Gary Halvorson,8.3,2870,Ross jeopardizes his career when he starts dating a student from one of his palaeontology classes. Rachel and Phoebe's apartment catches fire.,0,0,1,1,1,0,0,Ross,,,,,,,,,,,,,,,,Rachel,,Phoebe,,,,,,,,,,,,,,,,,,,,,,,,,,,,,,,,,
2000,6,19,The One with Joey's Fridge,22,Ben Weiss,8.3,2920,Joey tries to get everyone to pay for his broken fridge. Ross becomes paranoid when Elizabeth makes plans for spring break. Monica and Chandler compete against Phoebe to find Rachel a date.,1,1,1,1,1,1,0,Joey,,,,,,,,,,,Ross,,,,,,,,,,Monica,,Chandler,,,Phoebe,,,Rachel,,,,,,,,,,,,,,,,,,,,,,
2000,6,20,The One with Mac and C.H.E.E.S.E.,22,Kevin Bright,7.4,3096,Chandler forgets to write down a message for Joey when the time of his audition for the lead in a TV show is changed.,1,1,0,0,0,0,0,Chandler,,,,,,,,Joey,,,,,,,,,,,,,,,,,,,,,,,,,,,,,,,,,,,,,,,,,,,
2000,6,21,The One Where Ross Meets Elizabeth's Dad,22,Michael Lembeck,8.6,3063,"Elizabeth's father takes an instant disliking to Ross. Joey almost gets fired from ""Mac and C.H.E.E.S.E."" after offending the operator of the robot. Phoebe writes a book based on Monica and Chandler.",1,1,1,0,1,1,0,,,,,,,,Ross,Joey,,,,,,,,,,,,,Phoebe,,,,,,Monica,,Chandler,,,,,,,,,,,,,,,,,,,,,,
2000,6,22,The One Where Paul's the Man,22,Gary Halvorson,9,3578,Paul threatens to have Ross fired from the university if he continues to date Elizabeth. The girls put their names down on a waiting list for a wedding venue.,0,0,1,0,0,0,0,,,,,Ross,,,,,,,,,,,,,,,,,,,,,,,,,,,,,,,,,,,,,,,,,,,,,,,
2000,6,23,The One with the Ring,22,Gary Halvorson,8.6,2980,Chandler and Phoebe go looking for an engagement ring for Monica. Rachel tries to get Paul to open up to her.,1,0,0,1,1,1,0,Chandler,,Phoebe,,,,,,,,Monica,Rachel,,,,,,,,,,,,,,,,,,,,,,,,,,,,,,,,,,,,,,,,
2000,6,24,The One with the Proposal,30,Kevin Bright,8.8,3065,Chandler's plan to propose to Monica at dinner is interrupted by Richard. Joey accidentally buys a boat at a silent auction. Ross and Elizabeth's relationship comes to a crossroad.,1,1,1,0,0,1,0,Chandler,,,,,Monica,,,,,,,Joey,,,,,,,,,Ross,,,,,,,crossroad,,,,,,,,,,,,,,,,,,,,,,,
2000,6,25,The One with the Proposal,30,Kevin Bright,9.3,4186,"Chandler continues to pretend to hate the idea of marriage, unaware Richard wants Monica back. Meanwhile, Rachel and Phoebe discuss their 'back-up' plans.",1,0,0,1,1,1,0,Chandler,,,,,,,,,,,,,Monica,,,Rachel,,Phoebe,,,,,,,,,,,,,,,,,,,,,,,,,,,,,,,,,
2000,7,1,The One with Monica's Thunder,22,Kevin Bright,8.4,3022,"The gang celebrate Monica and Chandler's engagement, however Ross and Rachel upstage them by briefly reuniting. Joey tries to dress and act like a nineteen-year-old for an audition.",1,1,1,1,0,1,1,,The Gang,,Monica,,Chandler,,,Ross,,Rachel,,,,,,Joey,,,,,,,,,,,,,,,,,,,,,,,,,,,,,,,,,,,
2000,7,2,The One with Rachel's Book,22,Michael Lembeck,8.3,2817,"Monica learns her parents have spent her entire wedding fund. Phoebe temporarily moves into Ross's apartment, bringing her massage clients with her. Joey mocks Rachel when he finds an erotic novel she is reading.",0,1,1,1,1,1,0,Monica,,,,,,,,,,Phoebe,,,,Ross,,,,,,,,Joey,,Rachel,,,,,,,,,,,,,,,,,,,,,,,,,,,
2000,7,3,The One with Phoebe's Cookies,22,Gary Halvorson,8.1,2803,"Monica tries to figure out Phoebe's grandmother's secret cookie recipe. Meanwhile, Rachel tries to teach Joey how to sail, and Chandler has an awkward encounter when he tries to bond with Jack.",1,1,0,1,1,1,0,Monica,,,,,Phoebe,,,,,,Rachel,,,,Joey,,,,,Chandler,,,,,,,,,,,,,,,,,,,,,,,,,,,,,,,
2000,7,4,The One with Rachel's Assistant,22,David Schwimmer,8.1,2820,"Chaos ensues when Monica and Chandler decide to share each other's secrets. Rachel gets a promotion and interviews for an assistant. Joey is offered the chance to go back on ""Days of Our Lives"".",1,1,0,1,0,1,0,,,,Monica,,Chandler,,,,,,,Rachel,,,,,,,,,Joey,,,,,,,,,,,,,,,,,,,,,,,,,,,,,,
2000,7,5,The One with the Engagement Picture,22,Gary Halvorson,8.1,2785,"Chandler struggles to photograph well for his and Monica's engagement picture. Joey teaches Tag how to pick up women, much to Rachel's annoyance. Phoebe and Ross date a couple who are divorcing.",1,1,1,1,1,1,0,Chandler,,,,,,,,Monica,,,Joey,,,,,,,,,,Rachel,,Phoebe,,Ross,,,,,,,,,,,,,,,,,,,,,,,,,,
2000,7,6,The One with the Nap Partners,22,Gary Halvorson,8.9,3369,"Joey and Ross accidentally take a nap together - and much to their dismay, find that they like it. Phoebe and Rachel compete to become Monica's maid of honor.",0,1,1,1,1,1,0,Joey,,Ross,,,,,,,,,,,,,,,,,Phoebe,,Rachel,,,,Monica,,,,,,,,,,,,,,,,,,,,,,,,,,
2000,7,7,The One with Ross's Library Book,22,David Schwimmer,8.5,2856,Ross and Chandler discovers that Ross's book is in the section of the library where students go to have sex. Monica and Chandler run into Janice and she immediately invites herself to the ...                ,2,0,2,0,0,1,0,Ross,,Chandler,,,Ross,,,,,,,,,,,,,,,Monica,,Chandler,,,,,,,,,,,,,,,,,,,,,,,,,,,,,
2000,7,8,The One Where Chandler Doesn't Like Dogs,22,Kevin Bright,8.2,2772,"Ross struggles to name all 50 states in a game. Joey compromises Rachel's chances with her crush, Tag, during Thanksgiving dinner. Phoebe sneaks a dog into the apartment, making Chandler extremely nervous.",1,1,1,1,1,0,0,Ross,,,,,,,,,,Joey,,Rachel,,,,,,,,,Phoebe,,,,,,,,Chandler,,,,,,,,,,,,,,,,,,,,,,
2000,7,9,The One with All the Candy,22,David Schwimmer,8.1,2753,"Monica makes candy to get to know her neighbours, Rachel and Tag try to hide their relationship at work and Ross buys Phoebe a bike.",0,0,1,1,1,1,0,Monica,,,,,,,,,Rachel,,,,,,,,,,,Ross,,Phoebe,,,,,,,,,,,,,,,,,,,,,,,,,,,,,
2000,7,10,The One with the Holiday Armadillo,22,Gary Halvorson,8.5,3014,"Ross wants to introduce Ben to Hanukkah. In order to entice Rachel to move back into their refurbished apartment, Phoebe must drive a wedge between Rachel and current roomie Joey.",0,1,1,2,1,0,0,Ross,,,,,,,,,,,Rachel,,,,,,,,Phoebe,,,,,,Rachel,,,,Joey,,,,,,,,,,,,,,,,,,,,,,
2001,7,11,The One with All the Cheesecakes,22,Gary Halvorson,8.6,2936,Chandler refuses to give back a cheesecake accidentally delivered to his apartment; Phoebe gets angry with Joey when he blows off dinner with her for a date.,1,1,0,0,1,0,0,Chandler,,,,,,,,,,,,Phoebe,,,,Joey,,,,,,,,,,,,,,,,,,,,,,,,,,,,,,,,,,,
2001,7,12,The One Where They're Up All Night,22,Kevin Bright,8.7,2983,"After the gang head up to the roof to see a passing comet, separate events unfold that lead to them all having a sleepless night.",0,0,0,0,0,0,1,,,The Gang,,,,,,,,,,,,,,,,,,,,,,,,,,,,,,,,,,,,,,,,,,,,,,,,,
2001,7,13,The One Where Rosita Dies,22,Stephen Prime,8.4,2819,Rachel breaks Joey's armchair. Phoebe takes a temp job in a call centre. Ross and Monica find out their parents are selling their childhood home.,0,1,1,1,1,1,0,Rachel,,Joey,,Phoebe,,,,,,,,,Ross,,Monica,,,,,,,,,,,,,,,,,,,,,,,,,,,,,,,,,,,,
2001,7,14,The One Where They All Turn Thirty,22,Ben Weiss,8.6,2976,Rachel's 30th birthday prompts the rest of the gang to reminisce about their own 30th celebrations.,0,0,0,1,0,0,1,Rachel,,,,,,,,The Gang,,,,,,,,,,,,,,,,,,,,,,,,,,,,,,,,,,,,,,,,,,,
2001,7,15,The One with Joey's New Brain,22,Kevin Bright,8.4,2896,"Joey gets an opportunity to rejoin ""Days of Our Lives"" when his comatose character is implanted with the brain of a female character. Joey approaches her to get some advice on how to play ...                ",0,2,0,0,0,0,0,Joey,,,,,,,,,,,,,,,,,,,,Joey,,,,,,,,,,,,,,,,,,,,,,,,,,,,,,,
2001,7,16,The One with the Truth About London,22,David Schwimmer,8.7,2961,"Chandler is shocked to find out who Monica really wanted to sleep with the night they first got together. Meanwhile, Rachel gets into trouble with Ross when she teaches Ben practical jokes.",1,0,1,1,0,1,0,Chandler,,,,,,,Monica,,,,,,,,,,,,,Rachel,,,,,Ross,,,,,,,,,,,,,,,,,,,,,,,,,,
2001,7,17,The One with the Cheap Wedding Dress,22,Kevin Bright,8.4,2758,"Monica takes the other girls to an overpriced store to choose her wedding dress, briefing them as if they were in the military since bargain-hunters are far more ruthless then Rachel can ...                ",0,0,0,1,0,1,0,Monica,,,,,,,,,,,,,,,,,,,,,,,,,,,,,,Rachel,,,,,,,,,,,,,,,,,,,,,
2001,7,18,The One with Joey's Award,22,Gary Halvorson,8.4,2793,Joey is nominated for a Soapy Award for his part on Days of Our Lives and Rachel is his date to the ceremony. Joey doesn't win the award but takes someone else's award home. Rachel ...                ,0,2,0,2,0,0,0,Joey,,,,,,,,,,,,,,,,Rachel,,,,,,,Joey,,,,,,,,,,,Rachel,,,,,,,,,,,,,,,,,
2001,7,19,The One with Ross and Monica's Cousin,22,Gary Halvorson,8.7,3155,Joey auditions for a naked role in a big movie; Rachel and Phoebe plan Monica's wedding shower; Ross becomes attracted to his cousin after she visits.,0,1,1,1,1,1,0,Joey,,,,,,,,,,Rachel,,Phoebe,,Monica,,,Ross,,,,,,,,,,,,,,,,,,,,,,,,,,,,,,,,,,
2001,7,20,The One with Rachel's Big Kiss,22,Gary Halvorson,8.4,2894,Rachel's college friend can't remember a scandalous kiss from the past; Chandler and Ross argue for possession of Val Kilmer's tuxedo.,1,0,1,1,0,0,0,Rachel,,,,,,,,,,,Chandler,,Ross,,,,,,,,,,,,,,,,,,,,,,,,,,,,,,,,,,,,,,
2001,7,21,The One with the Vows,22,Gary Halvorson,7.5,2832,"Monica and Chandler are getting married in four weeks and have to write their vows, but neither has a clue what to say, so they reflect on their past.",1,0,0,0,0,1,0,Monica,,Chandler,,,,,,,,,,,,,,,,,,,,,,,,,,,,,,,,,,,,,,,,,,,,,,,,,
2001,7,22,The One with Chandler's Dad,22,Kevin Bright,8.4,2822,Ross and Rachel hit the freeway together when Monica's Porsche shows up again; Chandler and Monica go off to Vegas to find Chandler's estranged dad.,2,0,1,1,0,2,0,Ross,,Rachel,,,,,,Monica,,,,,Chandler,,Monica,,,,,,,Chandler,,,,,,,,,,,,,,,,,,,,,,,,,,,,,
2001,7,23,The One with Monica and Chandler's Wedding: Part 1,22,Kevin Bright,8.9,3178,"So close to the wedding, Chandler suddenly realizes the overwhelming meaning of getting married. Meanwhile, Joey acts opposite a famous actor in a movie, but can't bring himself to tell him that he spits when he says his lines.",1,1,0,0,0,0,0,,,,,,Chandler,,,,,,,,,,Joey,,,,,,,,,,,,,,,,,,,,,,,,,,,,,,,,,,,,
2001,7,24,The One with Monica and Chandler's Wedding: Part 2,22,Kevin Bright,9.2,3563,Ross tries to find Chandler with Phoebe's help. Meanwhile Rachel tries to hinder Monica.,1,0,1,1,1,1,0,Ross,,,,Chandler,,Phoebe,,,Rachel,,,,Monica,,,,,,,,,,,,,,,,,,,,,,,,,,,,,,,,,,,,,,
2001,8,1,The One After I Do,22,Kevin Bright,8.7,3005,The gang learns that Rachel is pregnant; Joey tries to impress a Broadway director who's dating Chandler's mom; Chandler's shoes make it hard for him to dance.,2,1,0,1,0,0,1,,The Gang,,,Rachel,,,Joey,,,,,,,,,Chandler,,Chandler,,,,,,,,,,,,,,,,,,,,,,,,,,,,,,,,,
2001,8,2,The One with the Red Sweater,22,David Schwimmer,9.1,3470,"Monica, Phoebe and Joey advise Rachel to tell the father about the pregnancy. Chandler and Ross lose the wedding photos.",1,1,1,1,1,1,0,Monica,Phoebe,,Joey,,Rachel,,,,,,,,Chandler,,Ross,,,,,,,,,,,,,,,,,,,,,,,,,,,,,,,,,,,,
2001,8,3,The One Where Rachel Tells...,22,Sheldon Epps,8.7,2858,"Even on their honeymoon, Monica is pushy, and is annoyed that Chandler won't jump the line at the airport check-in - especially after the couple in front of them, also on their honeymoon, ...                ",1,0,0,0,0,1,0,,,,,Monica,,,,,,,Chandler,,,,,,,,,,,,,,,,,,,,,,,,,,,,,,,,,,,,,,,,
2001,8,4,The One with the Videotape,22,Kevin Bright,9.3,4114,"Ross and Rachel tell everyone about the night they were together. They have two different stories of how it happened until Ross accidentally reveals that he videotaped it. Not surprisingly, everyone wants to see it.",0,0,2,1,0,0,0,Ross,,Rachel,,,,,,,,,,,,,,,,,,,Ross,,,,,,,,,,,,,,,,,,,,,,,,,,,,,,
2001,8,5,The One with Rachel's Date,22,Gary Halvorson,8.1,2703,"Phoebe dates Monica's sous-chef Tim and Monica doesn't fire him for Phoebe's sake. When Phoebe decides to dump Tim, Monica can finally fire him. Rachel has a date with Kash, a co-star on ...                ",0,0,0,1,3,3,0,Phoebe,,Monica,,,,Monica,,,,,Phoebe,,,Phoebe,,,,,Monica,,,,,Rachel,,,,,,,,,,,,,,,,,,,,,,,,,,,
2001,8,6,The One with the Halloween Party,22,Gary Halvorson,8.5,2969,Monica and Chandler are having a costume party for Halloween. Phoebe bumps into Ursula who is getting married in a week and invites her in return for Ursula's invitation for the wedding. ...                ,1,0,0,0,1,1,0,Monica,,Chandler,,,,,,,,Phoebe,,,,,,,,,,,,,,,,,,,,,,,,,,,,,,,,,,,,,,,,,
2001,8,7,The One with the Stain,22,Kevin Bright,7.9,2766,"Chandler hires a maid, whom Monica suspects is stealing her clothing; Eric has trouble forgetting Ursula when he breaks up with her to date Phoebe.",1,0,0,0,1,1,0,Chandler,,,,,Monica,,,,,,,,,,,,,,,,,,,Phoebe,,,,,,,,,,,,,,,,,,,,,,,,,,,
2001,8,8,The One with the Stripper,22,David Schwimmer,8.8,3082,"Chandler finds out that Monica had a bachelorette party with a stripper, even though they promised not to have bachelor/bachelorette parties. Rachel takes Phoebe along to dinner with ...                ",1,0,0,1,1,1,0,Chandler,,,,Monica,,,,,,,,,,,,,,,,,Rachel,,Phoebe,,,,,,,,,,,,,,,,,,,,,,,,,,,,
2001,8,9,The One with the Rumor,22,Gary Halvorson,9.3,5291,"Monica invites Will, an old school friend of her and Ross over for Thanksgiving dinner, unaware he isn't too fond of Rachel.",0,0,1,1,0,1,0,Monica,,,,,,,,,,Ross,,,,,,,,,,,Rachel,,,,,,,,,,,,,,,,,,,,,,,,,,,,,,
2001,8,10,The One with Monica's Boots,22,Kevin Bright,8.1,2765,"Monica's expensive new boots hurt her feet, but she's determined to prove to Chandler that her purchase was worth it; Ben goes to school with Sting's son.",1,0,0,0,0,1,0,Monica,,,,,,,,,,,,,Chandler,,,,,,,,,,,,,,,,,,,,,,,,,,,,,,,,,,,,,,
2001,8,11,The One with Ross's Step Forward,22,Gary Halvorson,8,2636,"Joey wants to take Rachel to dinner on a pretend date to practice his dating skills, but soon develops romantic feelings for her; Monica, Phoebe, and Chandler are addicted to Mrs. Pacman.",1,1,0,1,1,1,0,Joey,,,,Rachel,,,,,,,,,,,,,,,,,,,Monica,Phoebe,,Chandler,,,,,,,,,,,,,,,,,,,,,,,,,
2002,8,12,The One Where Joey Dates Rachel,22,David Schwimmer,8.5,2871,Phoebe gives Chandler and Monica a late wedding present: the game Ms Pac-Man. Chandler plays it all day long to be better than Monica and Phoebe. Rachel misses dressing up for romantic ...                ,2,0,0,1,2,2,0,Phoebe,,Chandler,,Monica,,,,,,,,,Chandler,,,,,,,,,,Monica,,Phoebe,Rachel,,,,,,,,,,,,,,,,,,,,,,,,,
2002,8,13,The One Where Chandler Takes a Bath,22,Ben Weiss,8.6,2800,Monica turns Chandler on to the concept of taking a bath to relax; Ross and Rachel toss baby names around while deciding whether to learn the baby's sex.,1,0,1,1,0,1,0,Monica,,Chandler,,,,,,,,,,,Ross,,Rachel,,,,,,,,,,,,,,,,,,,,,,,,,,,,,,,,,,,,
2002,8,14,The One with the Secret Closet,22,Kevin Bright,8.2,2654,"Chandler's very curious about a locked closet, but Monica won't tell him what is inside.",1,0,0,0,0,1,0,Chandler,,,,,,,,Monica,,,,,,,,,,,,,,,,,,,,,,,,,,,,,,,,,,,,,,,,,,,
2002,8,15,The One with the Birthing Video,22,Kevin Bright,8.4,2643,"During Valentine's Day, Chandler discovers the miracle of birth seeing an extremely graphic video.",1,0,0,0,0,0,0,,,,Chandler,,,,,,,,,,,,,,,,,,,,,,,,,,,,,,,,,,,,,,,,,,,,,,,,
2002,8,16,The One Where Joey Tells Rachel,22,Ben Weiss,8.3,2698,"Ross freaks out when Joey tells him that he is in love with Rachel because Ross is afraid that they will get married and raise his kid together. Phoebe dates a guy called Don, who she ...                ",0,1,2,1,1,0,0,Ross,,,,Joey,,,,,,,,,Rachel,,Ross,,,,,,,,,,,,,Phoebe,,,,,,,,,,,,,,,,,,,,,,,
2002,8,17,The One with the Tea Leaves,22,Gary Halvorson,8.1,2674,Chandler and Monica are happy together - their worst problem is his habit to put CDs in the wrong box and their different taste in music. Rachel is desperate to get back on good terms with ...                ,1,0,0,1,0,1,0,Chandler,,Monica,,,,,,,,,,,,,,,,,,,,,,,,Rachel,,,,,,,,,,,,,,,,,,,,,,,,,
2002,8,18,The One in Massapequa,22,Gary Halvorson,8.2,2699,Everyone prepares for the Gellers' 35th wedding anniversary in Long Island; Monica struggles to prepare the perfect toast; Phoebe invites her new boyfriend Parker.,0,0,0,0,1,1,0,,,,,,,,,,,,Monica,,,,,,,Phoebe,,,,,,,,,,,,,,,,,,,,,,,,,,,,,,,,,
2002,8,19,The One with Joey's Interview,22,Gary Halvorson,7.5,2804,"Joey prepares for his epic interview with Soap Opera Digest, reminiscing about his past acting experiences, his friends and his romantic life.",0,1,0,0,0,0,0,Joey,,,,,,,,,,,,,,,,,,,,,,,,,,,,,,,,,,,,,,,,,,,,,,,,,,,
2002,8,20,The One with the Baby Shower,22,Kevin Bright,8.2,2699,"Monica and Phoebe throw Rachel a baby shower but forget to invite Rachel's mom. Rachel realizes she has no idea how to look after the baby after the birth. Meanwhile, Joey auditions for a job as a host for a new game show called ""Bamboozled"", and Chandler and Ross help him practice.",1,1,1,3,1,1,0,Monica,,Phoebe,,Rachel,,,,,,,,Rachel,,Rachel,,,,,,,,,,,,,,,,Joey,,,,,,,,,,,,,,,,Chandler,,Ross,,,
2002,8,21,The One with the Cooking Class,22,Gary Halvorson,8.2,2690,"Monica's restaurant get a bad review. After confronting the critic who wrote it, she decides to join a cooking class, with Joey in tow. Rachel gets jealous when Ross hits it off with a woman at the baby department store.",0,1,1,1,0,1,0,Monica,,,,,,,,,,,,,,,,,,,,,Joey,,,Rachel,,,,Ross,,,,,,,,,,,,,,,,,,,,,,,
2002,8,22,The One Where Rachel Is Late,22,Gary Halvorson,8.3,2662,Monica and Phoebe bet on when Rachel's baby will be born as the due date comes and goes as Rachel becomes extremely irritable; Chandler falls asleep at Joey's big movie premiere.,1,1,0,2,1,1,0,Monica,,Phoebe,,,,Rachel,,,,,,,,,,,,,Rachel,,,,Chandler,,,,Joey,,,,,,,,,,,,,,,,,,,,,,,,
2002,8,23,The One Where Rachel Has a Baby: Part 1,22,Kevin Bright,8.8,2906,"Ross and Rachel go to the hospital to have their baby, but it's a long labor. They get stuck in a semi-private room, and many other couples come and go before Rachel is ready to deliver - ...                ",0,0,1,2,0,0,0,Ross,,Rachel,,,,,,,,,,,,,,,,,,,,,,,,,,,,,Rachel,,,,,,,,,,,,,,,,,,,,
2002,8,24,The One Where Rachel Has a Baby: Part 2,22,Kevin Bright,8.9,3150,"After Rachel gives birth to her baby, she must confront relationship issues around her.",0,0,0,1,0,0,0,,Rachel,,,,,,,,,,,,,,,,,,,,,,,,,,,,,,,,,,,,,,,,,,,,,,,,,,
2002,9,1,The One Where No One Proposes,22,Kevin Bright,8.6,2939,Rachel thinks that Joey has proposed to her. Monica and Chandler begin trying to have a baby.,1,1,0,1,0,1,0,Rachel,,,Joey,,,,,Monica,,Chandler,,,,,,,,,,,,,,,,,,,,,,,,,,,,,,,,,,,,,,,,,
2002,9,2,The One Where Emma Cries,22,Sheldon Epps,8.5,2957,"Chandler, having trouble getting enough sleep at home, falls asleep in a meeting and accidentally agrees to run his company's Tulsa office.",1,0,0,0,0,0,0,Chandler,,,,,,,,,,,,,,,,,,,,,,,,,,,,,,,,,,,,,,,,,,,,,,,,,,,
2002,9,3,The One with the Pediatrician,22,Roger Christiansen,8.2,2733,"Joey arranges a blind date for Phoebe. Chandler is leaving for Tulsa without Monica, because she has got a great job offer.",1,1,0,0,1,1,0,Joey,,,,,,Phoebe,Chandler,,,,,,Monica,,,,,,,,,,,,,,,,,,,,,,,,,,,,,,,,,,,,,,
2002,9,4,The One with the Sharks,22,Ben Weiss,8.2,2764,Monica thinks Chandler is aroused by shark documentaries.,1,0,0,0,0,1,0,Monica,,Chandler,,,,,,,,,,,,,,,,,,,,,,,,,,,,,,,,,,,,,,,,,,,,,,,,,
2002,9,5,The One with Phoebe's Birthday Dinner,22,David Schwimmer,8.5,2799,"Phoebe will celebrate her birthday by having a dinner with her friends at a fancy restaurant. But everybody is late to the dinner, due to a series of problems.",0,0,0,0,1,0,0,Phoebe,,,,,,,,,,,,,,,,,,,,,,,,,,,,,,,,,,,,,,,,,,,,,,,,,,,
2002,9,6,The One with the Male Nanny,22,Kevin Bright,8.4,2961,"Looking for a new nanny, Ross and Rachel hire a male nanny named Sandy. Monica tells Chandler that a guy at work is the funniest guy she has ever met.",1,0,1,1,0,1,0,,,,,,Ross,,Rachel,,,,,,,Monica,,Chandler,,,,,,,,,,,,,,,,,,,,,,,,,,,,,,,,,,,
2002,9,7,The One with Ross's Inappropriate Song,22,Gary Halvorson,8.7,2971,"Ross finds a way to make Emma laugh - singing ""Baby Got Back."" Meanwhile, Phoebe meets Mike's parents, and Joey and Chandler find a video tape in Richard's apartment.",1,1,1,0,1,0,0,Ross,,,,,,,,,,,,Phoebe,,,,,Joey,,Chandler,,,,,,,,,,,,,,,,,,,,,,,,,,,,,,,,
2002,9,8,The One with Rachel's Other Sister,22,Kevin Bright,8.8,3273,Rachel's middle sister shows up at Thanksgiving and causes arguments amongst the gang.,0,0,0,1,0,0,1,Rachel,,,,,,,,,,,,The Gang,,,,,,,,,,,,,,,,,,,,,,,,,,,,,,,,,,,,,,,
2002,9,9,The One with Rachel's Phone Number,22,Ben Weiss,8.2,2702,"Rachel is ready to start hanging out again. She and Phoebe go to a bar, where they meet two guys.",0,0,0,1,1,0,0,Rachel,,,,,,,,,,Phoebe,,,,,,,,,,,,,,,,,,,,,,,,,,,,,,,,,,,,,,,,,
2002,9,10,The One with Christmas in Tulsa,22,Kevin Bright,7.5,2804,"Chandler must spend Christmas in Tulsa, which Monica thinks he might have an affair with a former Miss Oklahoma runner-up while he is there. Chandler comes home early to announce that he quit his job.",2,0,0,0,0,1,0,Chandler,,,,,,,Monica,,,,,,,,,,,,,,,,,Chandler,,,,,,,,,,,,,,,,,,,,,,,,,,,
2003,9,11,The One Where Rachel Goes Back to Work,22,Gary Halvorson,8,2601,"Chandler starts looking for a job and is anxious about having a baby, Rachel decides to go back to work, and Phoebe works as an extra on Joey's show.",1,1,0,1,1,0,0,Chandler,,,,,,,,,,,,,Rachel,,,,,,,,Phoebe,,,,,,Joey,,,,,,,,,,,,,,,,,,,,,,,,
2003,9,12,The One with Phoebe's Rats,24,Ben Weiss,8,2688,Ross makes Joey stay away from their new nanny. Mike accidentally kills Phoebe's rat. Gavin gives Rachel a scarf and a kiss for her birthday.,0,1,1,1,1,0,0,Ross,,Joey,,,,,,,,,,Phoebe,,,,Rachel,,,,,,,,,,,,,,,,,,,,,,,,,,,,,,,,,,,
2003,9,13,The One Where Monica Sings,22,Gary Halvorson,8.2,2685,A night at Mike's piano bar gives Monica a very showy moment in the spotlight; Chandler employs his secret skill to repair Joey's botched eyebrow-waxing job.,1,1,0,0,0,1,0,,,,,,,,Monica,,,,,,,,Chandler,,,,,,,Joey,,,,,,,,,,,,,,,,,,,,,,,,,,,,,
2003,9,14,The One with the Blind Dates,24,Gary Halvorson,8.2,2642,Phoebe and Joey purposely set Ross and Rachel up on bad dates in the hopes they'll get back together. Monica and Chandler babysit Emma.,1,1,1,1,1,1,0,Phoebe,,Joey,,,Ross,,Rachel,,,,,,,,,,,,Monica,,Chandler,,,,,,,,,,,,,,,,,,,,,,,,,,,,,,
2003,9,15,The One with the Mugging,24,Gary Halvorson,8.3,2670,"Joey gets a part in a stage-play in a painful way. Ross and Phoebe are mugged outside Central Perk, Phoebe realizes that she mugged Ross 18 years ago. Chandler starts his new career as advertising writer.",1,1,2,0,2,0,0,Joey,,,,,,,,,,,Ross,,Phoebe,,,,,,Phoebe,,,,,Ross,,,,Chandler,,,,,,,,,,,,,,,,,,,,,,,
2003,9,16,The One with the Boob Job,27,Gary Halvorson,8.2,2588,"When Monica and Chandler both ask Joey for money not wanting the other to know why they are asking for it, Chandler sees that Joey gave money to Monica. Joey makes up that Monica is getting...                ",2,3,0,0,0,3,0,,Monica,,Chandler,,,Joey,,,,,,,,,,,,,,,Chandler,,,Joey,,,,Monica,Joey,,,,Monica,,,,,,,,,,,,,,,,,,
2003,9,17,The One with the Memorial Service,26,Gary Halvorson,8.5,2713,"When Chandler and Ross joke around on their college website, Ross is accused of being dead which leads to the fact that he was not popular in college. Joey is not willing to give his ...                ",1,1,2,0,0,0,0,,Chandler,,Ross,,,,,,,Ross,,,,,,,,,,,,,,,,,,Joey,,,,,,,,,,,,,,,,,,,,,,,
2003,9,18,The One with the Lottery,23,Gary Halvorson,8.6,2792,"Hoping to win a huge jackpot, the friends pool their money and buy dozens of lottery tickets. However, they bicker over how to spend the fortune if they win, and Monica irritates everyone else by buying tickets just for her and Chandler.",1,0,0,0,0,1,0,,,,,,,,,,,,,,,,,,,,,,,,,,,,,,,Monica,,,,,,,,,,,Chandler,,,,,,,,,,
2003,9,19,The One with Rachel's Dream,22,Terry Hughes,8.1,2616,"Joey is insecure now his Days of Our Lives character Dr. Drake Ramore is getting real dialog, so he asks Rachel to come along to the set, which she loves enough to get romantic dreams, but ...                ",0,1,0,1,0,0,0,Joey,,,,,,,,,,,,,,,,,,,,Rachel,,,,,,,,,,,,,,,,,,,,,,,,,,,,,,,
2003,9,20,The One with the Soap Opera Party,22,Sheldon Epps,8.2,2615,Joey throws a cast party on the roof of his building where he ends up making out with an attractive professor that Ross had a crush on.,0,1,1,0,0,0,0,Joey,,,,,,,,,,,,,,,,,,,,,,Ross,,,,,,,,,,,,,,,,,,,,,,,,,,,,,
2003,9,21,The One with the Fertility Test,22,Gary Halvorson,8.2,2557,"Still unable to conceive, Monica and Chandler decide to get tests done at a fertility clinic, where they run into Chandler's favorite ex, Janice. Rachel receives a gift certificate for a ...                ",2,0,0,1,0,1,0,,,,,Monica,,Chandler,,,,,,,,,,,,,,Chandler,,,,Rachel,,,,,,,,,,,,,,,,,,,,,,,,,,,
2003,9,22,The One with the Donor,22,Ben Weiss,7.8,2635,"When Joey hears that his girlfriend Charlie is an insecure shopper, he volunteers expert Rachel, who dreads being alone with her, so she makes sure Phoebe comes along, by saying she needs a...                ",0,1,0,1,1,0,0,,Joey,,,,,,,,,,,,,Rachel,,,,,,,,,,,Phoebe,,,,,,,,,,,,,,,,,,,,,,,,,,
2003,9,23,The One in Barbados,22,Kevin Bright,8.5,2705,"Chandler gives advice to David, but that makes David want to propose to Phoebe. Although Phoebe is still in love with Mike. Monica calls Mike who shows up there right in the middle of ...                ",1,0,0,0,2,1,0,Chandler,,,,,,,,,,,,,Phoebe,,Phoebe,,,,,,,Monica,,,,,,,,,,,,,,,,,,,,,,,,,,,,,
2003,9,24,The One in Barbados,22,Kevin Bright,8.6,2844,"To the other friends' fury, it keeps raining except during Ross's speech, which to their amazement is a big hit with the paleontologists. Joey's scientific ignorance decides Charlie to turn...                ",0,1,1,0,0,0,0,,,,,,,,,,,Ross,,,,,,,,,,,,,Joey,,,,,,,,,,,,,,,,,,,,,,,,,,,,
2003,10,1,The One After Joey and Rachel Kiss,22,Kevin Bright,8.5,3113,Joey and Ross both attempt to come clean to each other that they're dating Rachel and Charlie. Phoebe finds out Mike has another girlfriend.,0,1,1,1,1,0,0,Joey,,Ross,,,,,,,,,,,,Rachel,,,Phoebe,,,,,,,,,,,,,,,,,,,,,,,,,,,,,,,,,,
2003,10,2,The One Where Ross Is Fine,22,Ben Weiss,8.8,3366,Rachel and Joey fear for Ross's state of mind after he finds out about their relationship. Chandler and Monica visit some friends of Phoebe to get advice on adoption. Frank and the triplets come to visit.,1,1,1,1,1,1,0,Rachel,,Joey,,,Ross,,,,,,,,,,,Chandler,,Monica,,,,,Phoebe,,,,,,,,,,,,,,,,,,,,,,,,,,,,
2003,10,3,The One with Ross's Tan,22,Gary Halvorson,8.8,3277,Ross goes to a tanning salon but fails to follow the 'simple' instructions. Joey and Rachel struggle to make the transition from friends to lovers. Monica and Phoebe try to avoid an annoying woman that used to live in their building.,0,1,1,1,1,1,0,Ross,,,,,,,,,,,,,Joey,,Rachel,,,,,,,,,,Monica,,Phoebe,,,,,,,,,,,,,,,,,,,,,,,,
2003,10,4,The One with the Cake,22,Gary Halvorson,8.3,2825,"On Emma's first birthday, Ross and Rachel convince everyone to delay their plans so they can attend her party, however plans go awry when Emma's birthday cake is revealed.",0,0,1,1,0,0,0,,,,,Ross,,Rachel,,,,,,,,,,,,,,,,,,,,,,,,,,,,,,,,,,,,,,,,,,,,,
2003,10,5,The One Where Rachel's Sister Babysits,22,Roger Christiansen,8.2,2812,Rachel's sister Amy comes to visit and moves in with her and Joey. Phoebe constantly and accidentally ruins Mike's proposals. Joey struggles to write a letter of recommendation for Monica and Chandler's adoption agency.,1,2,0,1,1,1,0,Rachel,,,,,,,,,,,,Joey,Phoebe,,,,,,,Joey,,,,,,,,,Monica,,Chandler,,,,,,,,,,,,,,,,,,,,
2003,10,6,The One with Ross' Grant,22,Ben Weiss,8.2,2853,Ross applies for a paleontology grant and finds out Charlie's ex-boyfriend reviews the applications. Monica and Rachel fight over who has to take Phoebe's ugly painting.,0,0,1,1,1,1,0,Ross,,,,,,,,,,,,,,Monica,,Rachel,,,,,,,Phoebe,,,,,,,,,,,,,,,,,,,,,,,,,,,,
2003,10,7,The One with the Home Study,22,Kevin Bright,8.3,2716,Monica and Chandler nervously prepare for a visit from an adoption worker. Phoebe and Mike keep changing their minds about donating their wedding money to charity. Ross fights Rachel's fear of swings.,1,0,1,1,1,1,0,Monica,,Chandler,,,,,,,,,,Phoebe,,,,,,,,,,,,,,Ross,,Rachel,,,,,,,,,,,,,,,,,,,,,,,
2003,10,8,The One with the Late Thanksgiving,22,Gary Halvorson,8.9,3302,"Joey, Ross, Rachel and Phoebe convince Monica and Chandler to host Thanksgiving, however the four of them end up arriving to dinner an hour late.",1,1,1,1,1,1,0,Joey,Ross,Rachel,,Phoebe,,Monica,,Chandler,,,,,,,,,,,,,,,,,,,,,,,,,,,,,,,,,,,,,,,,,,,
2004,10,9,The One with the Birth Mother,22,David Schwimmer,8.6,2860,"After Rachel confirms Joey is more mature in relationships, Phoebe presents him to another friend as date, Sarah, who fails alas to respect his primordial rule by touching food in his plate...                ",0,1,0,1,1,0,0,,Rachel,,Joey,,,,,,Phoebe,,,,,,,,,,,,,,,,,,,,,,,,,,,,,,,,,,,,,,,,,,
2004,10,10,The One Where Chandler Gets Caught,22,Gary Halvorson,8,2748,Chandler and Monica have decided they want to raise their offspring in a suburban house and even find a perfect one in Westchester. Rachel and Phoebe see Chandler enter a car with his ...                ,2,0,0,1,1,1,0,Chandler,,Monica,,,,,,,,,,,,,,,,,,,,,Rachel,,Phoebe,,Chandler,,,,,,,,,,,,,,,,,,,,,,,,
2004,10,11,The One Where the Stripper Cries,22,Kevin Bright,9,3684,Old secrets come to light when Ross and Chandler attend a college reunion. Monica and Rachel throw Phoebe a bachelorette party. Joey appears as a celebrity partner on a game show.,1,1,1,1,1,1,0,,,,,,,Ross,,Chandler,,,,,Monica,,Rachel,,Phoebe,,,,Joey,,,,,,,,,,,,,,,,,,,,,,,,,,,,,,
2004,10,12,The One with Phoebe's Wedding,22,Kevin Bright,8.9,3161,Chaos ensues as Phoebe and Mike prepare to get married.,0,0,0,0,1,0,0,,,,Phoebe,,,,,,,,,,,,,,,,,,,,,,,,,,,,,,,,,,,,,,,,,,,,,,,,
2004,10,13,The One Where Joey Speaks French,22,Gary Halvorson,8.5,3044,Phoebe tries to teach Joey to speak French for an audition; Ross and Rachel head out to Long Island after her dad has a heart attack.,0,1,1,1,1,0,0,Phoebe,,,,Joey,,,,,,,Ross,,Rachel,,,,,,,,,,,,,,,,,,,,,,,,,,,,,,,,,,,,,,
2004,10,14,The One with Princess Consuela,22,Gary Halvorson,8.6,2989,"When Phoebe goes to get her name changed she realizes she can change it to anything she wants, so she changes it to Princess Consuela Banana Hammock, to Mike's displeasure. Chandler finds ...                ",1,0,0,0,1,0,0,,Phoebe,,,,,,,,,,,,,,,,,,,,,,,,,,,,,Chandler,,,,,,,,,,,,,,,,,,,,,
2004,10,15,The One Where Estelle Dies,22,Gary Halvorson,8.5,2771,"Ross tries to get Rachel to go back to Ralph Lauren, Joey doesn't know that his agent has died, and Monica and Chandler bump into Janice.",1,1,1,1,0,1,0,Ross,,,,Rachel,,,,,,,Joey,,,,,,,,,Monica,,Chandler,,,,,,,,,,,,,,,,,,,,,,,,,,,,,
2004,10,16,The One with Rachel's Going Away Party,22,Gary Halvorson,8.9,3141,"The gang throws Rachel a goodbye party, during which she says goodbye to everybody individually.",0,0,0,1,0,0,1,,The Gang,,Rachel,,,,,,,,,,,,,,,,,,,,,,,,,,,,,,,,,,,,,,,,,,,,,,,,
2004,10,17,The Last One: Part 1,30,Kevin Bright,9.5,6221,"Erica gives birth to the baby that Monica and Chandler are adopting. However, there's one small added surprise. Meanwhile, Ross and Rachel sleep together one last time before Rachel leaves ...                ",1,0,1,2,0,1,0,,,,,,,,Monica,,Chandler,,,,,,,,,,Ross,,Rachel,,,,,,,Rachel,,,,,,,,,,,,,,,,,,,,,,,
2004,10,18,The Last One: Part 2,30,Kevin Bright,9.7,10381,"Phoebe races Ross to the airport in a bid to stop Rachel from leaving for Paris. Monica and Chandler pack up their apartment ahead of their move to their new house, and Joey buys Chandler a new chick and duck as a leaving present.",2,1,1,1,1,1,0,Phoebe,,Ross,,,,,,,,,Rachel,,,,,Monica,,Chandler,,,,,,,,,,,,,,Joey,,Chandler,,,,,,,,,,,,,,,,,
